engine,track,schema_id,workload,input,sample_index,event_index,name,micros,working_set_before,working_set_after,peak_working_set_after
yune,track-b-product,jyut6ping3_mobile,startup_warm_shared_assets_runtime_ready,,0,0,runtime_setup,184,unavailable,unavailable,unavailable
yune,track-b-product,jyut6ping3_mobile,startup_warm_shared_assets_runtime_ready,,0,1,runtime_setup,108,unavailable,unavailable,unavailable
yune,track-b-product,jyut6ping3_mobile,startup_warm_shared_assets_runtime_ready,,0,2,runtime_initialize,108,unavailable,unavailable,unavailable
yune,track-b-product,jyut6ping3_mobile,startup_warm_shared_assets_runtime_ready,,0,3,schema_config_load,441,unavailable,unavailable,unavailable
yune,track-b-product,jyut6ping3_mobile,startup_warm_shared_assets_runtime_ready,,0,4,schema_switch_options,4,unavailable,unavailable,unavailable
yune,track-b-product,jyut6ping3_mobile,startup_warm_shared_assets_runtime_ready,,0,5,processor_install,5284,unavailable,unavailable,unavailable
yune,track-b-product,jyut6ping3_mobile,startup_warm_shared_assets_runtime_ready,,0,6,schema_config_load,402,unavailable,unavailable,unavailable
yune,track-b-product,jyut6ping3_mobile,startup_warm_shared_assets_runtime_ready,,0,7,compiled_table_load,46,unavailable,unavailable,unavailable
yune,track-b-product,jyut6ping3_mobile,startup_warm_shared_assets_runtime_ready,,0,8,compiled_prism_load,21,unavailable,unavailable,unavailable
yune,track-b-product,jyut6ping3_mobile,startup_warm_shared_assets_runtime_ready,,0,9,compiled_reverse_load,639,unavailable,unavailable,unavailable
yune,track-b-product,jyut6ping3_mobile,startup_warm_shared_assets_runtime_ready,,0,10,compiled_prism_parse,18698,unavailable,unavailable,unavailable
yune,track-b-product,jyut6ping3_mobile,startup_warm_shared_assets_runtime_ready,,0,11,compiled_reverse_load,14903,unavailable,unavailable,unavailable
yune,track-b-product,jyut6ping3_mobile,startup_warm_shared_assets_runtime_ready,,0,12,compiled_table_dictionary_parse,44570,unavailable,unavailable,unavailable
yune,track-b-product,jyut6ping3_mobile,startup_warm_shared_assets_runtime_ready,,0,13,compiled_table_compact_parse,135778,unavailable,unavailable,unavailable
yune,track-b-product,jyut6ping3_mobile,startup_warm_shared_assets_runtime_ready,,0,14,translator_index_build,76190,unavailable,unavailable,unavailable
yune,track-b-product,jyut6ping3_mobile,startup_warm_shared_assets_runtime_ready,,0,15,spelling_algebra_expand,462,unavailable,unavailable,unavailable
yune,track-b-product,jyut6ping3_mobile,startup_warm_shared_assets_runtime_ready,,0,16,compiled_table_load,34,unavailable,unavailable,unavailable
yune,track-b-product,jyut6ping3_mobile,startup_warm_shared_assets_runtime_ready,,0,17,compiled_prism_load,21,unavailable,unavailable,unavailable
yune,track-b-product,jyut6ping3_mobile,startup_warm_shared_assets_runtime_ready,,0,18,compiled_reverse_load,109,unavailable,unavailable,unavailable
yune,track-b-product,jyut6ping3_mobile,startup_warm_shared_assets_runtime_ready,,0,19,compiled_prism_parse,20,unavailable,unavailable,unavailable
yune,track-b-product,jyut6ping3_mobile,startup_warm_shared_assets_runtime_ready,,0,20,compiled_reverse_load,4030,unavailable,unavailable,unavailable
yune,track-b-product,jyut6ping3_mobile,startup_warm_shared_assets_runtime_ready,,0,21,compiled_table_dictionary_parse,13718,unavailable,unavailable,unavailable
yune,track-b-product,jyut6ping3_mobile,startup_warm_shared_assets_runtime_ready,,0,22,translator_index_build,13505,unavailable,unavailable,unavailable
yune,track-b-product,jyut6ping3_mobile,startup_warm_shared_assets_runtime_ready,,0,23,spelling_algebra_expand,3795,unavailable,unavailable,unavailable
yune,track-b-product,jyut6ping3_mobile,startup_warm_shared_assets_runtime_ready,,0,24,compiled_table_load,28,unavailable,unavailable,unavailable
yune,track-b-product,jyut6ping3_mobile,startup_warm_shared_assets_runtime_ready,,0,25,compiled_prism_load,17,unavailable,unavailable,unavailable
yune,track-b-product,jyut6ping3_mobile,startup_warm_shared_assets_runtime_ready,,0,26,compiled_reverse_load,396,unavailable,unavailable,unavailable
yune,track-b-product,jyut6ping3_mobile,startup_warm_shared_assets_runtime_ready,,0,27,compiled_prism_parse,6300,unavailable,unavailable,unavailable
yune,track-b-product,jyut6ping3_mobile,startup_warm_shared_assets_runtime_ready,,0,28,compiled_reverse_load,10730,unavailable,unavailable,unavailable
yune,track-b-product,jyut6ping3_mobile,startup_warm_shared_assets_runtime_ready,,0,29,compiled_table_dictionary_parse,43741,unavailable,unavailable,unavailable
yune,track-b-product,jyut6ping3_mobile,startup_warm_shared_assets_runtime_ready,,0,30,translator_index_build,70197,unavailable,unavailable,unavailable
yune,track-b-product,jyut6ping3_mobile,startup_warm_shared_assets_runtime_ready,,0,31,spelling_algebra_expand,29647,unavailable,unavailable,unavailable
yune,track-b-product,jyut6ping3_mobile,startup_warm_shared_assets_runtime_ready,,0,32,compiled_table_load,36,unavailable,unavailable,unavailable
yune,track-b-product,jyut6ping3_mobile,startup_warm_shared_assets_runtime_ready,,0,33,compiled_prism_load,18,unavailable,unavailable,unavailable
yune,track-b-product,jyut6ping3_mobile,startup_warm_shared_assets_runtime_ready,,0,34,compiled_reverse_load,147,unavailable,unavailable,unavailable
yune,track-b-product,jyut6ping3_mobile,startup_warm_shared_assets_runtime_ready,,0,35,compiled_prism_parse,1841,unavailable,unavailable,unavailable
yune,track-b-product,jyut6ping3_mobile,startup_warm_shared_assets_runtime_ready,,0,36,compiled_reverse_load,4172,unavailable,unavailable,unavailable
yune,track-b-product,jyut6ping3_mobile,startup_warm_shared_assets_runtime_ready,,0,37,compiled_table_dictionary_parse,14386,unavailable,unavailable,unavailable
yune,track-b-product,jyut6ping3_mobile,startup_warm_shared_assets_runtime_ready,,0,38,translator_index_build,23401,unavailable,unavailable,unavailable
yune,track-b-product,jyut6ping3_mobile,startup_warm_shared_assets_runtime_ready,,0,39,spelling_algebra_expand,12550,unavailable,unavailable,unavailable
yune,track-b-product,jyut6ping3_mobile,startup_warm_shared_assets_runtime_ready,,0,40,translator_install,630398,unavailable,unavailable,unavailable
yune,track-b-product,jyut6ping3_mobile,startup_warm_shared_assets_runtime_ready,,0,41,schema_config_load,610,unavailable,unavailable,unavailable
yune,track-b-product,jyut6ping3_mobile,startup_warm_shared_assets_runtime_ready,,0,42,filter_install,60912,unavailable,unavailable,unavailable
yune,track-b-product,jyut6ping3_mobile,startup_warm_shared_assets_runtime_ready,,0,43,userdb_open_or_sync,45,unavailable,unavailable,unavailable
yune,track-b-product,jyut6ping3_mobile,startup_warm_shared_assets_runtime_ready,,0,44,session_create,699908,unavailable,unavailable,unavailable
yune,track-b-product,jyut6ping3_mobile,startup_warm_shared_assets_runtime_ready,,0,45,schema_config_load,466,unavailable,unavailable,unavailable
yune,track-b-product,jyut6ping3_mobile,startup_warm_shared_assets_runtime_ready,,0,46,schema_switch_options,6,unavailable,unavailable,unavailable
yune,track-b-product,jyut6ping3_mobile,startup_warm_shared_assets_runtime_ready,,0,47,processor_install,4504,unavailable,unavailable,unavailable
yune,track-b-product,jyut6ping3_mobile,startup_warm_shared_assets_runtime_ready,,0,48,schema_config_load,345,unavailable,unavailable,unavailable
yune,track-b-product,jyut6ping3_mobile,startup_warm_shared_assets_runtime_ready,,0,49,compiled_table_load,31,unavailable,unavailable,unavailable
yune,track-b-product,jyut6ping3_mobile,startup_warm_shared_assets_runtime_ready,,0,50,compiled_prism_load,18,unavailable,unavailable,unavailable
yune,track-b-product,jyut6ping3_mobile,startup_warm_shared_assets_runtime_ready,,0,51,compiled_reverse_load,655,unavailable,unavailable,unavailable
yune,track-b-product,jyut6ping3_mobile,startup_warm_shared_assets_runtime_ready,,0,52,compiled_prism_parse,13920,unavailable,unavailable,unavailable
yune,track-b-product,jyut6ping3_mobile,startup_warm_shared_assets_runtime_ready,,0,53,compiled_reverse_load,14231,unavailable,unavailable,unavailable
yune,track-b-product,jyut6ping3_mobile,startup_warm_shared_assets_runtime_ready,,0,54,compiled_table_dictionary_parse,41575,unavailable,unavailable,unavailable
yune,track-b-product,jyut6ping3_mobile,startup_warm_shared_assets_runtime_ready,,0,55,compiled_table_compact_parse,106041,unavailable,unavailable,unavailable
yune,track-b-product,jyut6ping3_mobile,startup_warm_shared_assets_runtime_ready,,0,56,translator_index_build,57695,unavailable,unavailable,unavailable
yune,track-b-product,jyut6ping3_mobile,startup_warm_shared_assets_runtime_ready,,0,57,spelling_algebra_expand,366,unavailable,unavailable,unavailable
yune,track-b-product,jyut6ping3_mobile,startup_warm_shared_assets_runtime_ready,,0,58,compiled_table_load,34,unavailable,unavailable,unavailable
yune,track-b-product,jyut6ping3_mobile,startup_warm_shared_assets_runtime_ready,,0,59,compiled_prism_load,18,unavailable,unavailable,unavailable
yune,track-b-product,jyut6ping3_mobile,startup_warm_shared_assets_runtime_ready,,0,60,compiled_reverse_load,91,unavailable,unavailable,unavailable
yune,track-b-product,jyut6ping3_mobile,startup_warm_shared_assets_runtime_ready,,0,61,compiled_prism_parse,24,unavailable,unavailable,unavailable
yune,track-b-product,jyut6ping3_mobile,startup_warm_shared_assets_runtime_ready,,0,62,compiled_reverse_load,4003,unavailable,unavailable,unavailable
yune,track-b-product,jyut6ping3_mobile,startup_warm_shared_assets_runtime_ready,,0,63,compiled_table_dictionary_parse,12711,unavailable,unavailable,unavailable
yune,track-b-product,jyut6ping3_mobile,startup_warm_shared_assets_runtime_ready,,0,64,translator_index_build,14681,unavailable,unavailable,unavailable
yune,track-b-product,jyut6ping3_mobile,startup_warm_shared_assets_runtime_ready,,0,65,spelling_algebra_expand,4264,unavailable,unavailable,unavailable
yune,track-b-product,jyut6ping3_mobile,startup_warm_shared_assets_runtime_ready,,0,66,translator_install,324441,unavailable,unavailable,unavailable
yune,track-b-product,jyut6ping3_mobile,startup_warm_shared_assets_runtime_ready,,0,67,schema_config_load,483,unavailable,unavailable,unavailable
yune,track-b-product,jyut6ping3_mobile,startup_warm_shared_assets_runtime_ready,,0,68,filter_install,48648,unavailable,unavailable,unavailable
yune,track-b-product,jyut6ping3_mobile,startup_warm_shared_assets_runtime_ready,,0,69,userdb_open_or_sync,60,unavailable,unavailable,unavailable
yune,track-b-product,jyut6ping3_mobile,startup_warm_shared_assets_runtime_ready,,0,70,schema_select,422979,unavailable,unavailable,unavailable
yune,track-b-product,jyut6ping3_mobile,startup_warm_shared_assets_runtime_ready,,0,71,session_destroy,27857,unavailable,unavailable,unavailable
yune,track-b-product,jyut6ping3_mobile,startup_warm_shared_assets_runtime_ready,,0,72,runtime_finalize,0,unavailable,unavailable,unavailable
yune,track-b-product,jyut6ping3_mobile,startup_warm_shared_assets_runtime_ready,,1,0,runtime_setup,112,unavailable,unavailable,unavailable
yune,track-b-product,jyut6ping3_mobile,startup_warm_shared_assets_runtime_ready,,1,1,runtime_setup,43,unavailable,unavailable,unavailable
yune,track-b-product,jyut6ping3_mobile,startup_warm_shared_assets_runtime_ready,,1,2,runtime_initialize,43,unavailable,unavailable,unavailable
yune,track-b-product,jyut6ping3_mobile,startup_warm_shared_assets_runtime_ready,,1,3,schema_config_load,381,unavailable,unavailable,unavailable
yune,track-b-product,jyut6ping3_mobile,startup_warm_shared_assets_runtime_ready,,1,4,schema_switch_options,2,unavailable,unavailable,unavailable
yune,track-b-product,jyut6ping3_mobile,startup_warm_shared_assets_runtime_ready,,1,5,processor_install,4543,unavailable,unavailable,unavailable
yune,track-b-product,jyut6ping3_mobile,startup_warm_shared_assets_runtime_ready,,1,6,schema_config_load,359,unavailable,unavailable,unavailable
yune,track-b-product,jyut6ping3_mobile,startup_warm_shared_assets_runtime_ready,,1,7,translator_install,1839,unavailable,unavailable,unavailable
yune,track-b-product,jyut6ping3_mobile,startup_warm_shared_assets_runtime_ready,,1,8,schema_config_load,375,unavailable,unavailable,unavailable
yune,track-b-product,jyut6ping3_mobile,startup_warm_shared_assets_runtime_ready,,1,9,filter_install,58345,unavailable,unavailable,unavailable
yune,track-b-product,jyut6ping3_mobile,startup_warm_shared_assets_runtime_ready,,1,10,userdb_open_or_sync,42,unavailable,unavailable,unavailable
yune,track-b-product,jyut6ping3_mobile,startup_warm_shared_assets_runtime_ready,,1,11,session_create,67578,unavailable,unavailable,unavailable
yune,track-b-product,jyut6ping3_mobile,startup_warm_shared_assets_runtime_ready,,1,12,schema_config_load,449,unavailable,unavailable,unavailable
yune,track-b-product,jyut6ping3_mobile,startup_warm_shared_assets_runtime_ready,,1,13,schema_switch_options,4,unavailable,unavailable,unavailable
yune,track-b-product,jyut6ping3_mobile,startup_warm_shared_assets_runtime_ready,,1,14,processor_install,4309,unavailable,unavailable,unavailable
yune,track-b-product,jyut6ping3_mobile,startup_warm_shared_assets_runtime_ready,,1,15,schema_config_load,334,unavailable,unavailable,unavailable
yune,track-b-product,jyut6ping3_mobile,startup_warm_shared_assets_runtime_ready,,1,16,translator_install,1145,unavailable,unavailable,unavailable
yune,track-b-product,jyut6ping3_mobile,startup_warm_shared_assets_runtime_ready,,1,17,schema_config_load,349,unavailable,unavailable,unavailable
yune,track-b-product,jyut6ping3_mobile,startup_warm_shared_assets_runtime_ready,,1,18,filter_install,53618,unavailable,unavailable,unavailable
yune,track-b-product,jyut6ping3_mobile,startup_warm_shared_assets_runtime_ready,,1,19,userdb_open_or_sync,47,unavailable,unavailable,unavailable
yune,track-b-product,jyut6ping3_mobile,startup_warm_shared_assets_runtime_ready,,1,20,schema_select,94265,unavailable,unavailable,unavailable
yune,track-b-product,jyut6ping3_mobile,startup_warm_shared_assets_runtime_ready,,1,21,session_destroy,34644,unavailable,unavailable,unavailable
yune,track-b-product,jyut6ping3_mobile,startup_warm_shared_assets_runtime_ready,,1,22,runtime_finalize,0,unavailable,unavailable,unavailable
yune,track-b-product,jyut6ping3_mobile,startup_warm_shared_assets_runtime_ready,,2,0,runtime_setup,143,unavailable,unavailable,unavailable
yune,track-b-product,jyut6ping3_mobile,startup_warm_shared_assets_runtime_ready,,2,1,runtime_setup,44,unavailable,unavailable,unavailable
yune,track-b-product,jyut6ping3_mobile,startup_warm_shared_assets_runtime_ready,,2,2,runtime_initialize,44,unavailable,unavailable,unavailable
yune,track-b-product,jyut6ping3_mobile,startup_warm_shared_assets_runtime_ready,,2,3,schema_config_load,383,unavailable,unavailable,unavailable
yune,track-b-product,jyut6ping3_mobile,startup_warm_shared_assets_runtime_ready,,2,4,schema_switch_options,2,unavailable,unavailable,unavailable
yune,track-b-product,jyut6ping3_mobile,startup_warm_shared_assets_runtime_ready,,2,5,processor_install,4633,unavailable,unavailable,unavailable
yune,track-b-product,jyut6ping3_mobile,startup_warm_shared_assets_runtime_ready,,2,6,schema_config_load,377,unavailable,unavailable,unavailable
yune,track-b-product,jyut6ping3_mobile,startup_warm_shared_assets_runtime_ready,,2,7,translator_install,2009,unavailable,unavailable,unavailable
yune,track-b-product,jyut6ping3_mobile,startup_warm_shared_assets_runtime_ready,,2,8,schema_config_load,387,unavailable,unavailable,unavailable
yune,track-b-product,jyut6ping3_mobile,startup_warm_shared_assets_runtime_ready,,2,9,filter_install,54190,unavailable,unavailable,unavailable
yune,track-b-product,jyut6ping3_mobile,startup_warm_shared_assets_runtime_ready,,2,10,userdb_open_or_sync,47,unavailable,unavailable,unavailable
yune,track-b-product,jyut6ping3_mobile,startup_warm_shared_assets_runtime_ready,,2,11,session_create,63761,unavailable,unavailable,unavailable
yune,track-b-product,jyut6ping3_mobile,startup_warm_shared_assets_runtime_ready,,2,12,schema_config_load,445,unavailable,unavailable,unavailable
yune,track-b-product,jyut6ping3_mobile,startup_warm_shared_assets_runtime_ready,,2,13,schema_switch_options,3,unavailable,unavailable,unavailable
yune,track-b-product,jyut6ping3_mobile,startup_warm_shared_assets_runtime_ready,,2,14,processor_install,4934,unavailable,unavailable,unavailable
yune,track-b-product,jyut6ping3_mobile,startup_warm_shared_assets_runtime_ready,,2,15,schema_config_load,321,unavailable,unavailable,unavailable
yune,track-b-product,jyut6ping3_mobile,startup_warm_shared_assets_runtime_ready,,2,16,translator_install,1147,unavailable,unavailable,unavailable
yune,track-b-product,jyut6ping3_mobile,startup_warm_shared_assets_runtime_ready,,2,17,schema_config_load,344,unavailable,unavailable,unavailable
yune,track-b-product,jyut6ping3_mobile,startup_warm_shared_assets_runtime_ready,,2,18,filter_install,63377,unavailable,unavailable,unavailable
yune,track-b-product,jyut6ping3_mobile,startup_warm_shared_assets_runtime_ready,,2,19,userdb_open_or_sync,72,unavailable,unavailable,unavailable
yune,track-b-product,jyut6ping3_mobile,startup_warm_shared_assets_runtime_ready,,2,20,schema_select,100947,unavailable,unavailable,unavailable
yune,track-b-product,jyut6ping3_mobile,startup_warm_shared_assets_runtime_ready,,2,21,session_destroy,42411,unavailable,unavailable,unavailable
yune,track-b-product,jyut6ping3_mobile,startup_warm_shared_assets_runtime_ready,,2,22,runtime_finalize,0,unavailable,unavailable,unavailable
yune,track-b-product,jyut6ping3_mobile,startup_warm_shared_assets_runtime_ready,,3,0,runtime_setup,132,unavailable,unavailable,unavailable
yune,track-b-product,jyut6ping3_mobile,startup_warm_shared_assets_runtime_ready,,3,1,runtime_setup,40,unavailable,unavailable,unavailable
yune,track-b-product,jyut6ping3_mobile,startup_warm_shared_assets_runtime_ready,,3,2,runtime_initialize,41,unavailable,unavailable,unavailable
yune,track-b-product,jyut6ping3_mobile,startup_warm_shared_assets_runtime_ready,,3,3,schema_config_load,376,unavailable,unavailable,unavailable
yune,track-b-product,jyut6ping3_mobile,startup_warm_shared_assets_runtime_ready,,3,4,schema_switch_options,2,unavailable,unavailable,unavailable
yune,track-b-product,jyut6ping3_mobile,startup_warm_shared_assets_runtime_ready,,3,5,processor_install,4493,unavailable,unavailable,unavailable
yune,track-b-product,jyut6ping3_mobile,startup_warm_shared_assets_runtime_ready,,3,6,schema_config_load,357,unavailable,unavailable,unavailable
yune,track-b-product,jyut6ping3_mobile,startup_warm_shared_assets_runtime_ready,,3,7,translator_install,1731,unavailable,unavailable,unavailable
yune,track-b-product,jyut6ping3_mobile,startup_warm_shared_assets_runtime_ready,,3,8,schema_config_load,379,unavailable,unavailable,unavailable
yune,track-b-product,jyut6ping3_mobile,startup_warm_shared_assets_runtime_ready,,3,9,filter_install,62890,unavailable,unavailable,unavailable
yune,track-b-product,jyut6ping3_mobile,startup_warm_shared_assets_runtime_ready,,3,10,userdb_open_or_sync,69,unavailable,unavailable,unavailable
yune,track-b-product,jyut6ping3_mobile,startup_warm_shared_assets_runtime_ready,,3,11,session_create,71894,unavailable,unavailable,unavailable
yune,track-b-product,jyut6ping3_mobile,startup_warm_shared_assets_runtime_ready,,3,12,schema_config_load,522,unavailable,unavailable,unavailable
yune,track-b-product,jyut6ping3_mobile,startup_warm_shared_assets_runtime_ready,,3,13,schema_switch_options,6,unavailable,unavailable,unavailable
yune,track-b-product,jyut6ping3_mobile,startup_warm_shared_assets_runtime_ready,,3,14,processor_install,4448,unavailable,unavailable,unavailable
yune,track-b-product,jyut6ping3_mobile,startup_warm_shared_assets_runtime_ready,,3,15,schema_config_load,333,unavailable,unavailable,unavailable
yune,track-b-product,jyut6ping3_mobile,startup_warm_shared_assets_runtime_ready,,3,16,translator_install,1178,unavailable,unavailable,unavailable
yune,track-b-product,jyut6ping3_mobile,startup_warm_shared_assets_runtime_ready,,3,17,schema_config_load,354,unavailable,unavailable,unavailable
yune,track-b-product,jyut6ping3_mobile,startup_warm_shared_assets_runtime_ready,,3,18,filter_install,52498,unavailable,unavailable,unavailable
yune,track-b-product,jyut6ping3_mobile,startup_warm_shared_assets_runtime_ready,,3,19,userdb_open_or_sync,40,unavailable,unavailable,unavailable
yune,track-b-product,jyut6ping3_mobile,startup_warm_shared_assets_runtime_ready,,3,20,schema_select,102053,unavailable,unavailable,unavailable
yune,track-b-product,jyut6ping3_mobile,startup_warm_shared_assets_runtime_ready,,3,21,session_destroy,34782,unavailable,unavailable,unavailable
yune,track-b-product,jyut6ping3_mobile,startup_warm_shared_assets_runtime_ready,,3,22,runtime_finalize,0,unavailable,unavailable,unavailable
yune,track-b-product,jyut6ping3_mobile,startup_warm_shared_assets_runtime_ready,,4,0,runtime_setup,122,unavailable,unavailable,unavailable
yune,track-b-product,jyut6ping3_mobile,startup_warm_shared_assets_runtime_ready,,4,1,runtime_setup,42,unavailable,unavailable,unavailable
yune,track-b-product,jyut6ping3_mobile,startup_warm_shared_assets_runtime_ready,,4,2,runtime_initialize,42,unavailable,unavailable,unavailable
yune,track-b-product,jyut6ping3_mobile,startup_warm_shared_assets_runtime_ready,,4,3,schema_config_load,374,unavailable,unavailable,unavailable
yune,track-b-product,jyut6ping3_mobile,startup_warm_shared_assets_runtime_ready,,4,4,schema_switch_options,2,unavailable,unavailable,unavailable
yune,track-b-product,jyut6ping3_mobile,startup_warm_shared_assets_runtime_ready,,4,5,processor_install,4595,unavailable,unavailable,unavailable
yune,track-b-product,jyut6ping3_mobile,startup_warm_shared_assets_runtime_ready,,4,6,schema_config_load,363,unavailable,unavailable,unavailable
yune,track-b-product,jyut6ping3_mobile,startup_warm_shared_assets_runtime_ready,,4,7,translator_install,1797,unavailable,unavailable,unavailable
yune,track-b-product,jyut6ping3_mobile,startup_warm_shared_assets_runtime_ready,,4,8,schema_config_load,377,unavailable,unavailable,unavailable
yune,track-b-product,jyut6ping3_mobile,startup_warm_shared_assets_runtime_ready,,4,9,filter_install,58982,unavailable,unavailable,unavailable
yune,track-b-product,jyut6ping3_mobile,startup_warm_shared_assets_runtime_ready,,4,10,userdb_open_or_sync,45,unavailable,unavailable,unavailable
yune,track-b-product,jyut6ping3_mobile,startup_warm_shared_assets_runtime_ready,,4,11,session_create,68123,unavailable,unavailable,unavailable
yune,track-b-product,jyut6ping3_mobile,startup_warm_shared_assets_runtime_ready,,4,12,schema_config_load,446,unavailable,unavailable,unavailable
yune,track-b-product,jyut6ping3_mobile,startup_warm_shared_assets_runtime_ready,,4,13,schema_switch_options,4,unavailable,unavailable,unavailable
yune,track-b-product,jyut6ping3_mobile,startup_warm_shared_assets_runtime_ready,,4,14,processor_install,4344,unavailable,unavailable,unavailable
yune,track-b-product,jyut6ping3_mobile,startup_warm_shared_assets_runtime_ready,,4,15,schema_config_load,339,unavailable,unavailable,unavailable
yune,track-b-product,jyut6ping3_mobile,startup_warm_shared_assets_runtime_ready,,4,16,translator_install,1156,unavailable,unavailable,unavailable
yune,track-b-product,jyut6ping3_mobile,startup_warm_shared_assets_runtime_ready,,4,17,schema_config_load,350,unavailable,unavailable,unavailable
yune,track-b-product,jyut6ping3_mobile,startup_warm_shared_assets_runtime_ready,,4,18,filter_install,55419,unavailable,unavailable,unavailable
yune,track-b-product,jyut6ping3_mobile,startup_warm_shared_assets_runtime_ready,,4,19,userdb_open_or_sync,60,unavailable,unavailable,unavailable
yune,track-b-product,jyut6ping3_mobile,startup_warm_shared_assets_runtime_ready,,4,20,schema_select,97061,unavailable,unavailable,unavailable
yune,track-b-product,jyut6ping3_mobile,startup_warm_shared_assets_runtime_ready,,4,21,session_destroy,38003,unavailable,unavailable,unavailable
yune,track-b-product,jyut6ping3_mobile,startup_warm_shared_assets_runtime_ready,,4,22,runtime_finalize,0,unavailable,unavailable,unavailable
yune,track-b-product,jyut6ping3_mobile,startup_warm_shared_assets_runtime_ready,,5,0,runtime_setup,154,unavailable,unavailable,unavailable
yune,track-b-product,jyut6ping3_mobile,startup_warm_shared_assets_runtime_ready,,5,1,runtime_setup,69,unavailable,unavailable,unavailable
yune,track-b-product,jyut6ping3_mobile,startup_warm_shared_assets_runtime_ready,,5,2,runtime_initialize,69,unavailable,unavailable,unavailable
yune,track-b-product,jyut6ping3_mobile,startup_warm_shared_assets_runtime_ready,,5,3,schema_config_load,373,unavailable,unavailable,unavailable
yune,track-b-product,jyut6ping3_mobile,startup_warm_shared_assets_runtime_ready,,5,4,schema_switch_options,2,unavailable,unavailable,unavailable
yune,track-b-product,jyut6ping3_mobile,startup_warm_shared_assets_runtime_ready,,5,5,processor_install,4489,unavailable,unavailable,unavailable
yune,track-b-product,jyut6ping3_mobile,startup_warm_shared_assets_runtime_ready,,5,6,schema_config_load,371,unavailable,unavailable,unavailable
yune,track-b-product,jyut6ping3_mobile,startup_warm_shared_assets_runtime_ready,,5,7,translator_install,1802,unavailable,unavailable,unavailable
yune,track-b-product,jyut6ping3_mobile,startup_warm_shared_assets_runtime_ready,,5,8,schema_config_load,381,unavailable,unavailable,unavailable
yune,track-b-product,jyut6ping3_mobile,startup_warm_shared_assets_runtime_ready,,5,9,filter_install,51986,unavailable,unavailable,unavailable
yune,track-b-product,jyut6ping3_mobile,startup_warm_shared_assets_runtime_ready,,5,10,userdb_open_or_sync,77,unavailable,unavailable,unavailable
yune,track-b-product,jyut6ping3_mobile,startup_warm_shared_assets_runtime_ready,,5,11,session_create,61036,unavailable,unavailable,unavailable
yune,track-b-product,jyut6ping3_mobile,startup_warm_shared_assets_runtime_ready,,5,12,schema_config_load,477,unavailable,unavailable,unavailable
yune,track-b-product,jyut6ping3_mobile,startup_warm_shared_assets_runtime_ready,,5,13,schema_switch_options,7,unavailable,unavailable,unavailable
yune,track-b-product,jyut6ping3_mobile,startup_warm_shared_assets_runtime_ready,,5,14,processor_install,4670,unavailable,unavailable,unavailable
yune,track-b-product,jyut6ping3_mobile,startup_warm_shared_assets_runtime_ready,,5,15,schema_config_load,346,unavailable,unavailable,unavailable
yune,track-b-product,jyut6ping3_mobile,startup_warm_shared_assets_runtime_ready,,5,16,translator_install,1189,unavailable,unavailable,unavailable
yune,track-b-product,jyut6ping3_mobile,startup_warm_shared_assets_runtime_ready,,5,17,schema_config_load,342,unavailable,unavailable,unavailable
yune,track-b-product,jyut6ping3_mobile,startup_warm_shared_assets_runtime_ready,,5,18,filter_install,57773,unavailable,unavailable,unavailable
yune,track-b-product,jyut6ping3_mobile,startup_warm_shared_assets_runtime_ready,,5,19,userdb_open_or_sync,40,unavailable,unavailable,unavailable
yune,track-b-product,jyut6ping3_mobile,startup_warm_shared_assets_runtime_ready,,5,20,schema_select,107006,unavailable,unavailable,unavailable
yune,track-b-product,jyut6ping3_mobile,startup_warm_shared_assets_runtime_ready,,5,21,session_destroy,32701,unavailable,unavailable,unavailable
yune,track-b-product,jyut6ping3_mobile,startup_warm_shared_assets_runtime_ready,,5,22,runtime_finalize,0,unavailable,unavailable,unavailable
yune,track-b-product,jyut6ping3_mobile,startup_warm_shared_assets_runtime_ready,,6,0,runtime_setup,132,unavailable,unavailable,unavailable
yune,track-b-product,jyut6ping3_mobile,startup_warm_shared_assets_runtime_ready,,6,1,runtime_setup,40,unavailable,unavailable,unavailable
yune,track-b-product,jyut6ping3_mobile,startup_warm_shared_assets_runtime_ready,,6,2,runtime_initialize,40,unavailable,unavailable,unavailable
yune,track-b-product,jyut6ping3_mobile,startup_warm_shared_assets_runtime_ready,,6,3,schema_config_load,397,unavailable,unavailable,unavailable
yune,track-b-product,jyut6ping3_mobile,startup_warm_shared_assets_runtime_ready,,6,4,schema_switch_options,2,unavailable,unavailable,unavailable
yune,track-b-product,jyut6ping3_mobile,startup_warm_shared_assets_runtime_ready,,6,5,processor_install,4560,unavailable,unavailable,unavailable
yune,track-b-product,jyut6ping3_mobile,startup_warm_shared_assets_runtime_ready,,6,6,schema_config_load,360,unavailable,unavailable,unavailable
yune,track-b-product,jyut6ping3_mobile,startup_warm_shared_assets_runtime_ready,,6,7,translator_install,1963,unavailable,unavailable,unavailable
yune,track-b-product,jyut6ping3_mobile,startup_warm_shared_assets_runtime_ready,,6,8,schema_config_load,380,unavailable,unavailable,unavailable
yune,track-b-product,jyut6ping3_mobile,startup_warm_shared_assets_runtime_ready,,6,9,filter_install,60275,unavailable,unavailable,unavailable
yune,track-b-product,jyut6ping3_mobile,startup_warm_shared_assets_runtime_ready,,6,10,userdb_open_or_sync,47,unavailable,unavailable,unavailable
yune,track-b-product,jyut6ping3_mobile,startup_warm_shared_assets_runtime_ready,,6,11,session_create,69634,unavailable,unavailable,unavailable
yune,track-b-product,jyut6ping3_mobile,startup_warm_shared_assets_runtime_ready,,6,12,schema_config_load,561,unavailable,unavailable,unavailable
yune,track-b-product,jyut6ping3_mobile,startup_warm_shared_assets_runtime_ready,,6,13,schema_switch_options,6,unavailable,unavailable,unavailable
yune,track-b-product,jyut6ping3_mobile,startup_warm_shared_assets_runtime_ready,,6,14,processor_install,4384,unavailable,unavailable,unavailable
yune,track-b-product,jyut6ping3_mobile,startup_warm_shared_assets_runtime_ready,,6,15,schema_config_load,343,unavailable,unavailable,unavailable
yune,track-b-product,jyut6ping3_mobile,startup_warm_shared_assets_runtime_ready,,6,16,translator_install,1220,unavailable,unavailable,unavailable
yune,track-b-product,jyut6ping3_mobile,startup_warm_shared_assets_runtime_ready,,6,17,schema_config_load,353,unavailable,unavailable,unavailable
yune,track-b-product,jyut6ping3_mobile,startup_warm_shared_assets_runtime_ready,,6,18,filter_install,57182,unavailable,unavailable,unavailable
yune,track-b-product,jyut6ping3_mobile,startup_warm_shared_assets_runtime_ready,,6,19,userdb_open_or_sync,39,unavailable,unavailable,unavailable
yune,track-b-product,jyut6ping3_mobile,startup_warm_shared_assets_runtime_ready,,6,20,schema_select,104487,unavailable,unavailable,unavailable
yune,track-b-product,jyut6ping3_mobile,startup_warm_shared_assets_runtime_ready,,6,21,session_destroy,37956,unavailable,unavailable,unavailable
yune,track-b-product,jyut6ping3_mobile,startup_warm_shared_assets_runtime_ready,,6,22,runtime_finalize,0,unavailable,unavailable,unavailable
yune,track-b-product,jyut6ping3_mobile,startup_warm_shared_assets_runtime_ready,,7,0,runtime_setup,135,unavailable,unavailable,unavailable
yune,track-b-product,jyut6ping3_mobile,startup_warm_shared_assets_runtime_ready,,7,1,runtime_setup,49,unavailable,unavailable,unavailable
yune,track-b-product,jyut6ping3_mobile,startup_warm_shared_assets_runtime_ready,,7,2,runtime_initialize,49,unavailable,unavailable,unavailable
yune,track-b-product,jyut6ping3_mobile,startup_warm_shared_assets_runtime_ready,,7,3,schema_config_load,373,unavailable,unavailable,unavailable
yune,track-b-product,jyut6ping3_mobile,startup_warm_shared_assets_runtime_ready,,7,4,schema_switch_options,2,unavailable,unavailable,unavailable
yune,track-b-product,jyut6ping3_mobile,startup_warm_shared_assets_runtime_ready,,7,5,processor_install,4722,unavailable,unavailable,unavailable
yune,track-b-product,jyut6ping3_mobile,startup_warm_shared_assets_runtime_ready,,7,6,schema_config_load,382,unavailable,unavailable,unavailable
yune,track-b-product,jyut6ping3_mobile,startup_warm_shared_assets_runtime_ready,,7,7,translator_install,2112,unavailable,unavailable,unavailable
yune,track-b-product,jyut6ping3_mobile,startup_warm_shared_assets_runtime_ready,,7,8,schema_config_load,413,unavailable,unavailable,unavailable
yune,track-b-product,jyut6ping3_mobile,startup_warm_shared_assets_runtime_ready,,7,9,filter_install,61373,unavailable,unavailable,unavailable
yune,track-b-product,jyut6ping3_mobile,startup_warm_shared_assets_runtime_ready,,7,10,userdb_open_or_sync,38,unavailable,unavailable,unavailable
yune,track-b-product,jyut6ping3_mobile,startup_warm_shared_assets_runtime_ready,,7,11,session_create,71033,unavailable,unavailable,unavailable
yune,track-b-product,jyut6ping3_mobile,startup_warm_shared_assets_runtime_ready,,7,12,schema_config_load,475,unavailable,unavailable,unavailable
yune,track-b-product,jyut6ping3_mobile,startup_warm_shared_assets_runtime_ready,,7,13,schema_switch_options,3,unavailable,unavailable,unavailable
yune,track-b-product,jyut6ping3_mobile,startup_warm_shared_assets_runtime_ready,,7,14,processor_install,4318,unavailable,unavailable,unavailable
yune,track-b-product,jyut6ping3_mobile,startup_warm_shared_assets_runtime_ready,,7,15,schema_config_load,335,unavailable,unavailable,unavailable
yune,track-b-product,jyut6ping3_mobile,startup_warm_shared_assets_runtime_ready,,7,16,translator_install,1225,unavailable,unavailable,unavailable
yune,track-b-product,jyut6ping3_mobile,startup_warm_shared_assets_runtime_ready,,7,17,schema_config_load,353,unavailable,unavailable,unavailable
yune,track-b-product,jyut6ping3_mobile,startup_warm_shared_assets_runtime_ready,,7,18,filter_install,56172,unavailable,unavailable,unavailable
yune,track-b-product,jyut6ping3_mobile,startup_warm_shared_assets_runtime_ready,,7,19,userdb_open_or_sync,34,unavailable,unavailable,unavailable
yune,track-b-product,jyut6ping3_mobile,startup_warm_shared_assets_runtime_ready,,7,20,schema_select,97361,unavailable,unavailable,unavailable
yune,track-b-product,jyut6ping3_mobile,startup_warm_shared_assets_runtime_ready,,7,21,session_destroy,34423,unavailable,unavailable,unavailable
yune,track-b-product,jyut6ping3_mobile,startup_warm_shared_assets_runtime_ready,,7,22,runtime_finalize,0,unavailable,unavailable,unavailable
yune,track-b-product,jyut6ping3_mobile,startup_warm_shared_assets_runtime_ready,,8,0,runtime_setup,125,unavailable,unavailable,unavailable
yune,track-b-product,jyut6ping3_mobile,startup_warm_shared_assets_runtime_ready,,8,1,runtime_setup,40,unavailable,unavailable,unavailable
yune,track-b-product,jyut6ping3_mobile,startup_warm_shared_assets_runtime_ready,,8,2,runtime_initialize,40,unavailable,unavailable,unavailable
yune,track-b-product,jyut6ping3_mobile,startup_warm_shared_assets_runtime_ready,,8,3,schema_config_load,366,unavailable,unavailable,unavailable
yune,track-b-product,jyut6ping3_mobile,startup_warm_shared_assets_runtime_ready,,8,4,schema_switch_options,2,unavailable,unavailable,unavailable
yune,track-b-product,jyut6ping3_mobile,startup_warm_shared_assets_runtime_ready,,8,5,processor_install,4502,unavailable,unavailable,unavailable
yune,track-b-product,jyut6ping3_mobile,startup_warm_shared_assets_runtime_ready,,8,6,schema_config_load,343,unavailable,unavailable,unavailable
yune,track-b-product,jyut6ping3_mobile,startup_warm_shared_assets_runtime_ready,,8,7,translator_install,1724,unavailable,unavailable,unavailable
yune,track-b-product,jyut6ping3_mobile,startup_warm_shared_assets_runtime_ready,,8,8,schema_config_load,366,unavailable,unavailable,unavailable
yune,track-b-product,jyut6ping3_mobile,startup_warm_shared_assets_runtime_ready,,8,9,filter_install,58841,unavailable,unavailable,unavailable
yune,track-b-product,jyut6ping3_mobile,startup_warm_shared_assets_runtime_ready,,8,10,userdb_open_or_sync,41,unavailable,unavailable,unavailable
yune,track-b-product,jyut6ping3_mobile,startup_warm_shared_assets_runtime_ready,,8,11,session_create,67746,unavailable,unavailable,unavailable
yune,track-b-product,jyut6ping3_mobile,startup_warm_shared_assets_runtime_ready,,8,12,schema_config_load,460,unavailable,unavailable,unavailable
yune,track-b-product,jyut6ping3_mobile,startup_warm_shared_assets_runtime_ready,,8,13,schema_switch_options,6,unavailable,unavailable,unavailable
yune,track-b-product,jyut6ping3_mobile,startup_warm_shared_assets_runtime_ready,,8,14,processor_install,4266,unavailable,unavailable,unavailable
yune,track-b-product,jyut6ping3_mobile,startup_warm_shared_assets_runtime_ready,,8,15,schema_config_load,327,unavailable,unavailable,unavailable
yune,track-b-product,jyut6ping3_mobile,startup_warm_shared_assets_runtime_ready,,8,16,translator_install,1200,unavailable,unavailable,unavailable
yune,track-b-product,jyut6ping3_mobile,startup_warm_shared_assets_runtime_ready,,8,17,schema_config_load,342,unavailable,unavailable,unavailable
yune,track-b-product,jyut6ping3_mobile,startup_warm_shared_assets_runtime_ready,,8,18,filter_install,60531,unavailable,unavailable,unavailable
yune,track-b-product,jyut6ping3_mobile,startup_warm_shared_assets_runtime_ready,,8,19,userdb_open_or_sync,56,unavailable,unavailable,unavailable
yune,track-b-product,jyut6ping3_mobile,startup_warm_shared_assets_runtime_ready,,8,20,schema_select,109681,unavailable,unavailable,unavailable
yune,track-b-product,jyut6ping3_mobile,startup_warm_shared_assets_runtime_ready,,8,21,session_destroy,37415,unavailable,unavailable,unavailable
yune,track-b-product,jyut6ping3_mobile,startup_warm_shared_assets_runtime_ready,,8,22,runtime_finalize,0,unavailable,unavailable,unavailable
yune,track-b-product,jyut6ping3_mobile,session_create_select_destroy,,0,0,schema_config_load,380,unavailable,unavailable,unavailable
yune,track-b-product,jyut6ping3_mobile,session_create_select_destroy,,0,1,schema_switch_options,2,unavailable,unavailable,unavailable
yune,track-b-product,jyut6ping3_mobile,session_create_select_destroy,,0,2,processor_install,4571,unavailable,unavailable,unavailable
yune,track-b-product,jyut6ping3_mobile,session_create_select_destroy,,0,3,schema_config_load,377,unavailable,unavailable,unavailable
yune,track-b-product,jyut6ping3_mobile,session_create_select_destroy,,0,4,translator_install,1898,unavailable,unavailable,unavailable
yune,track-b-product,jyut6ping3_mobile,session_create_select_destroy,,0,5,schema_config_load,383,unavailable,unavailable,unavailable
yune,track-b-product,jyut6ping3_mobile,session_create_select_destroy,,0,6,filter_install,54035,unavailable,unavailable,unavailable
yune,track-b-product,jyut6ping3_mobile,session_create_select_destroy,,0,7,userdb_open_or_sync,36,unavailable,unavailable,unavailable
yune,track-b-product,jyut6ping3_mobile,session_create_select_destroy,,0,8,session_create,63351,unavailable,unavailable,unavailable
yune,track-b-product,jyut6ping3_mobile,session_create_select_destroy,,0,9,schema_config_load,454,unavailable,unavailable,unavailable
yune,track-b-product,jyut6ping3_mobile,session_create_select_destroy,,0,10,schema_switch_options,5,unavailable,unavailable,unavailable
yune,track-b-product,jyut6ping3_mobile,session_create_select_destroy,,0,11,processor_install,4369,unavailable,unavailable,unavailable
yune,track-b-product,jyut6ping3_mobile,session_create_select_destroy,,0,12,schema_config_load,336,unavailable,unavailable,unavailable
yune,track-b-product,jyut6ping3_mobile,session_create_select_destroy,,0,13,translator_install,1179,unavailable,unavailable,unavailable
yune,track-b-product,jyut6ping3_mobile,session_create_select_destroy,,0,14,schema_config_load,349,unavailable,unavailable,unavailable
yune,track-b-product,jyut6ping3_mobile,session_create_select_destroy,,0,15,filter_install,60309,unavailable,unavailable,unavailable
yune,track-b-product,jyut6ping3_mobile,session_create_select_destroy,,0,16,userdb_open_or_sync,79,unavailable,unavailable,unavailable
yune,track-b-product,jyut6ping3_mobile,session_create_select_destroy,,0,17,schema_select,101756,unavailable,unavailable,unavailable
yune,track-b-product,jyut6ping3_mobile,session_create_select_destroy,,0,18,session_destroy,41616,unavailable,unavailable,unavailable
yune,track-b-product,jyut6ping3_mobile,session_create_select_destroy,,1,0,schema_config_load,380,unavailable,unavailable,unavailable
yune,track-b-product,jyut6ping3_mobile,session_create_select_destroy,,1,1,schema_switch_options,2,unavailable,unavailable,unavailable
yune,track-b-product,jyut6ping3_mobile,session_create_select_destroy,,1,2,processor_install,4416,unavailable,unavailable,unavailable
yune,track-b-product,jyut6ping3_mobile,session_create_select_destroy,,1,3,schema_config_load,357,unavailable,unavailable,unavailable
yune,track-b-product,jyut6ping3_mobile,session_create_select_destroy,,1,4,translator_install,1802,unavailable,unavailable,unavailable
yune,track-b-product,jyut6ping3_mobile,session_create_select_destroy,,1,5,schema_config_load,365,unavailable,unavailable,unavailable
yune,track-b-product,jyut6ping3_mobile,session_create_select_destroy,,1,6,filter_install,57275,unavailable,unavailable,unavailable
yune,track-b-product,jyut6ping3_mobile,session_create_select_destroy,,1,7,userdb_open_or_sync,41,unavailable,unavailable,unavailable
yune,track-b-product,jyut6ping3_mobile,session_create_select_destroy,,1,8,session_create,66397,unavailable,unavailable,unavailable
yune,track-b-product,jyut6ping3_mobile,session_create_select_destroy,,1,9,schema_config_load,583,unavailable,unavailable,unavailable
yune,track-b-product,jyut6ping3_mobile,session_create_select_destroy,,1,10,schema_switch_options,6,unavailable,unavailable,unavailable
yune,track-b-product,jyut6ping3_mobile,session_create_select_destroy,,1,11,processor_install,4679,unavailable,unavailable,unavailable
yune,track-b-product,jyut6ping3_mobile,session_create_select_destroy,,1,12,schema_config_load,351,unavailable,unavailable,unavailable
yune,track-b-product,jyut6ping3_mobile,session_create_select_destroy,,1,13,translator_install,1290,unavailable,unavailable,unavailable
yune,track-b-product,jyut6ping3_mobile,session_create_select_destroy,,1,14,schema_config_load,491,unavailable,unavailable,unavailable
yune,track-b-product,jyut6ping3_mobile,session_create_select_destroy,,1,15,filter_install,66131,unavailable,unavailable,unavailable
yune,track-b-product,jyut6ping3_mobile,session_create_select_destroy,,1,16,userdb_open_or_sync,45,unavailable,unavailable,unavailable
yune,track-b-product,jyut6ping3_mobile,session_create_select_destroy,,1,17,schema_select,118452,unavailable,unavailable,unavailable
yune,track-b-product,jyut6ping3_mobile,session_create_select_destroy,,1,18,session_destroy,40011,unavailable,unavailable,unavailable
yune,track-b-product,jyut6ping3_mobile,session_create_select_destroy,,2,0,schema_config_load,395,unavailable,unavailable,unavailable
yune,track-b-product,jyut6ping3_mobile,session_create_select_destroy,,2,1,schema_switch_options,2,unavailable,unavailable,unavailable
yune,track-b-product,jyut6ping3_mobile,session_create_select_destroy,,2,2,processor_install,4616,unavailable,unavailable,unavailable
yune,track-b-product,jyut6ping3_mobile,session_create_select_destroy,,2,3,schema_config_load,394,unavailable,unavailable,unavailable
yune,track-b-product,jyut6ping3_mobile,session_create_select_destroy,,2,4,translator_install,1871,unavailable,unavailable,unavailable
yune,track-b-product,jyut6ping3_mobile,session_create_select_destroy,,2,5,schema_config_load,374,unavailable,unavailable,unavailable
yune,track-b-product,jyut6ping3_mobile,session_create_select_destroy,,2,6,filter_install,50973,unavailable,unavailable,unavailable
yune,track-b-product,jyut6ping3_mobile,session_create_select_destroy,,2,7,userdb_open_or_sync,41,unavailable,unavailable,unavailable
yune,track-b-product,jyut6ping3_mobile,session_create_select_destroy,,2,8,session_create,60453,unavailable,unavailable,unavailable
yune,track-b-product,jyut6ping3_mobile,session_create_select_destroy,,2,9,schema_config_load,427,unavailable,unavailable,unavailable
yune,track-b-product,jyut6ping3_mobile,session_create_select_destroy,,2,10,schema_switch_options,3,unavailable,unavailable,unavailable
yune,track-b-product,jyut6ping3_mobile,session_create_select_destroy,,2,11,processor_install,4231,unavailable,unavailable,unavailable
yune,track-b-product,jyut6ping3_mobile,session_create_select_destroy,,2,12,schema_config_load,341,unavailable,unavailable,unavailable
yune,track-b-product,jyut6ping3_mobile,session_create_select_destroy,,2,13,translator_install,1165,unavailable,unavailable,unavailable
yune,track-b-product,jyut6ping3_mobile,session_create_select_destroy,,2,14,schema_config_load,349,unavailable,unavailable,unavailable
yune,track-b-product,jyut6ping3_mobile,session_create_select_destroy,,2,15,filter_install,51515,unavailable,unavailable,unavailable
yune,track-b-product,jyut6ping3_mobile,session_create_select_destroy,,2,16,userdb_open_or_sync,29,unavailable,unavailable,unavailable
yune,track-b-product,jyut6ping3_mobile,session_create_select_destroy,,2,17,schema_select,86237,unavailable,unavailable,unavailable
yune,track-b-product,jyut6ping3_mobile,session_create_select_destroy,,2,18,session_destroy,42392,unavailable,unavailable,unavailable
yune,track-b-product,jyut6ping3_mobile,session_create_select_destroy,,3,0,schema_config_load,375,unavailable,unavailable,unavailable
yune,track-b-product,jyut6ping3_mobile,session_create_select_destroy,,3,1,schema_switch_options,2,unavailable,unavailable,unavailable
yune,track-b-product,jyut6ping3_mobile,session_create_select_destroy,,3,2,processor_install,4618,unavailable,unavailable,unavailable
yune,track-b-product,jyut6ping3_mobile,session_create_select_destroy,,3,3,schema_config_load,375,unavailable,unavailable,unavailable
yune,track-b-product,jyut6ping3_mobile,session_create_select_destroy,,3,4,translator_install,1979,unavailable,unavailable,unavailable
yune,track-b-product,jyut6ping3_mobile,session_create_select_destroy,,3,5,schema_config_load,391,unavailable,unavailable,unavailable
yune,track-b-product,jyut6ping3_mobile,session_create_select_destroy,,3,6,filter_install,53488,unavailable,unavailable,unavailable
yune,track-b-product,jyut6ping3_mobile,session_create_select_destroy,,3,7,userdb_open_or_sync,30,unavailable,unavailable,unavailable
yune,track-b-product,jyut6ping3_mobile,session_create_select_destroy,,3,8,session_create,62938,unavailable,unavailable,unavailable
yune,track-b-product,jyut6ping3_mobile,session_create_select_destroy,,3,9,schema_config_load,454,unavailable,unavailable,unavailable
yune,track-b-product,jyut6ping3_mobile,session_create_select_destroy,,3,10,schema_switch_options,5,unavailable,unavailable,unavailable
yune,track-b-product,jyut6ping3_mobile,session_create_select_destroy,,3,11,processor_install,5212,unavailable,unavailable,unavailable
yune,track-b-product,jyut6ping3_mobile,session_create_select_destroy,,3,12,schema_config_load,379,unavailable,unavailable,unavailable
yune,track-b-product,jyut6ping3_mobile,session_create_select_destroy,,3,13,translator_install,1261,unavailable,unavailable,unavailable
yune,track-b-product,jyut6ping3_mobile,session_create_select_destroy,,3,14,schema_config_load,362,unavailable,unavailable,unavailable
yune,track-b-product,jyut6ping3_mobile,session_create_select_destroy,,3,15,filter_install,59593,unavailable,unavailable,unavailable
yune,track-b-product,jyut6ping3_mobile,session_create_select_destroy,,3,16,userdb_open_or_sync,40,unavailable,unavailable,unavailable
yune,track-b-product,jyut6ping3_mobile,session_create_select_destroy,,3,17,schema_select,100918,unavailable,unavailable,unavailable
yune,track-b-product,jyut6ping3_mobile,session_create_select_destroy,,3,18,session_destroy,40587,unavailable,unavailable,unavailable
yune,track-b-product,jyut6ping3_mobile,session_create_select_destroy,,4,0,schema_config_load,378,unavailable,unavailable,unavailable
yune,track-b-product,jyut6ping3_mobile,session_create_select_destroy,,4,1,schema_switch_options,2,unavailable,unavailable,unavailable
yune,track-b-product,jyut6ping3_mobile,session_create_select_destroy,,4,2,processor_install,4552,unavailable,unavailable,unavailable
yune,track-b-product,jyut6ping3_mobile,session_create_select_destroy,,4,3,schema_config_load,395,unavailable,unavailable,unavailable
yune,track-b-product,jyut6ping3_mobile,session_create_select_destroy,,4,4,translator_install,1823,unavailable,unavailable,unavailable
yune,track-b-product,jyut6ping3_mobile,session_create_select_destroy,,4,5,schema_config_load,383,unavailable,unavailable,unavailable
yune,track-b-product,jyut6ping3_mobile,session_create_select_destroy,,4,6,filter_install,56350,unavailable,unavailable,unavailable
yune,track-b-product,jyut6ping3_mobile,session_create_select_destroy,,4,7,userdb_open_or_sync,41,unavailable,unavailable,unavailable
yune,track-b-product,jyut6ping3_mobile,session_create_select_destroy,,4,8,session_create,65610,unavailable,unavailable,unavailable
yune,track-b-product,jyut6ping3_mobile,session_create_select_destroy,,4,9,schema_config_load,459,unavailable,unavailable,unavailable
yune,track-b-product,jyut6ping3_mobile,session_create_select_destroy,,4,10,schema_switch_options,3,unavailable,unavailable,unavailable
yune,track-b-product,jyut6ping3_mobile,session_create_select_destroy,,4,11,processor_install,4294,unavailable,unavailable,unavailable
yune,track-b-product,jyut6ping3_mobile,session_create_select_destroy,,4,12,schema_config_load,327,unavailable,unavailable,unavailable
yune,track-b-product,jyut6ping3_mobile,session_create_select_destroy,,4,13,translator_install,1138,unavailable,unavailable,unavailable
yune,track-b-product,jyut6ping3_mobile,session_create_select_destroy,,4,14,schema_config_load,345,unavailable,unavailable,unavailable
yune,track-b-product,jyut6ping3_mobile,session_create_select_destroy,,4,15,filter_install,50246,unavailable,unavailable,unavailable
yune,track-b-product,jyut6ping3_mobile,session_create_select_destroy,,4,16,userdb_open_or_sync,44,unavailable,unavailable,unavailable
yune,track-b-product,jyut6ping3_mobile,session_create_select_destroy,,4,17,schema_select,89634,unavailable,unavailable,unavailable
yune,track-b-product,jyut6ping3_mobile,session_create_select_destroy,,4,18,session_destroy,32866,unavailable,unavailable,unavailable
yune,track-b-product,jyut6ping3_mobile,session_create_select_destroy,,5,0,schema_config_load,388,unavailable,unavailable,unavailable
yune,track-b-product,jyut6ping3_mobile,session_create_select_destroy,,5,1,schema_switch_options,2,unavailable,unavailable,unavailable
yune,track-b-product,jyut6ping3_mobile,session_create_select_destroy,,5,2,processor_install,4572,unavailable,unavailable,unavailable
yune,track-b-product,jyut6ping3_mobile,session_create_select_destroy,,5,3,schema_config_load,374,unavailable,unavailable,unavailable
yune,track-b-product,jyut6ping3_mobile,session_create_select_destroy,,5,4,translator_install,1932,unavailable,unavailable,unavailable
yune,track-b-product,jyut6ping3_mobile,session_create_select_destroy,,5,5,schema_config_load,382,unavailable,unavailable,unavailable
yune,track-b-product,jyut6ping3_mobile,session_create_select_destroy,,5,6,filter_install,50170,unavailable,unavailable,unavailable
yune,track-b-product,jyut6ping3_mobile,session_create_select_destroy,,5,7,userdb_open_or_sync,31,unavailable,unavailable,unavailable
yune,track-b-product,jyut6ping3_mobile,session_create_select_destroy,,5,8,session_create,59714,unavailable,unavailable,unavailable
yune,track-b-product,jyut6ping3_mobile,session_create_select_destroy,,5,9,schema_config_load,410,unavailable,unavailable,unavailable
yune,track-b-product,jyut6ping3_mobile,session_create_select_destroy,,5,10,schema_switch_options,2,unavailable,unavailable,unavailable
yune,track-b-product,jyut6ping3_mobile,session_create_select_destroy,,5,11,processor_install,4188,unavailable,unavailable,unavailable
yune,track-b-product,jyut6ping3_mobile,session_create_select_destroy,,5,12,schema_config_load,335,unavailable,unavailable,unavailable
yune,track-b-product,jyut6ping3_mobile,session_create_select_destroy,,5,13,translator_install,1128,unavailable,unavailable,unavailable
yune,track-b-product,jyut6ping3_mobile,session_create_select_destroy,,5,14,schema_config_load,342,unavailable,unavailable,unavailable
yune,track-b-product,jyut6ping3_mobile,session_create_select_destroy,,5,15,filter_install,47768,unavailable,unavailable,unavailable
yune,track-b-product,jyut6ping3_mobile,session_create_select_destroy,,5,16,userdb_open_or_sync,48,unavailable,unavailable,unavailable
yune,track-b-product,jyut6ping3_mobile,session_create_select_destroy,,5,17,schema_select,78224,unavailable,unavailable,unavailable
yune,track-b-product,jyut6ping3_mobile,session_create_select_destroy,,5,18,session_destroy,29002,unavailable,unavailable,unavailable
yune,track-b-product,jyut6ping3_mobile,session_create_select_destroy,,6,0,schema_config_load,368,unavailable,unavailable,unavailable
yune,track-b-product,jyut6ping3_mobile,session_create_select_destroy,,6,1,schema_switch_options,2,unavailable,unavailable,unavailable
yune,track-b-product,jyut6ping3_mobile,session_create_select_destroy,,6,2,processor_install,4491,unavailable,unavailable,unavailable
yune,track-b-product,jyut6ping3_mobile,session_create_select_destroy,,6,3,schema_config_load,355,unavailable,unavailable,unavailable
yune,track-b-product,jyut6ping3_mobile,session_create_select_destroy,,6,4,translator_install,1717,unavailable,unavailable,unavailable
yune,track-b-product,jyut6ping3_mobile,session_create_select_destroy,,6,5,schema_config_load,372,unavailable,unavailable,unavailable
yune,track-b-product,jyut6ping3_mobile,session_create_select_destroy,,6,6,filter_install,48720,unavailable,unavailable,unavailable
yune,track-b-product,jyut6ping3_mobile,session_create_select_destroy,,6,7,userdb_open_or_sync,39,unavailable,unavailable,unavailable
yune,track-b-product,jyut6ping3_mobile,session_create_select_destroy,,6,8,session_create,57698,unavailable,unavailable,unavailable
yune,track-b-product,jyut6ping3_mobile,session_create_select_destroy,,6,9,schema_config_load,415,unavailable,unavailable,unavailable
yune,track-b-product,jyut6ping3_mobile,session_create_select_destroy,,6,10,schema_switch_options,4,unavailable,unavailable,unavailable
yune,track-b-product,jyut6ping3_mobile,session_create_select_destroy,,6,11,processor_install,5062,unavailable,unavailable,unavailable
yune,track-b-product,jyut6ping3_mobile,session_create_select_destroy,,6,12,schema_config_load,364,unavailable,unavailable,unavailable
yune,track-b-product,jyut6ping3_mobile,session_create_select_destroy,,6,13,translator_install,1203,unavailable,unavailable,unavailable
yune,track-b-product,jyut6ping3_mobile,session_create_select_destroy,,6,14,schema_config_load,341,unavailable,unavailable,unavailable
yune,track-b-product,jyut6ping3_mobile,session_create_select_destroy,,6,15,filter_install,50947,unavailable,unavailable,unavailable
yune,track-b-product,jyut6ping3_mobile,session_create_select_destroy,,6,16,userdb_open_or_sync,77,unavailable,unavailable,unavailable
yune,track-b-product,jyut6ping3_mobile,session_create_select_destroy,,6,17,schema_select,89427,unavailable,unavailable,unavailable
yune,track-b-product,jyut6ping3_mobile,session_create_select_destroy,,6,18,session_destroy,36317,unavailable,unavailable,unavailable
yune,track-b-product,jyut6ping3_mobile,session_create_select_destroy,,7,0,schema_config_load,371,unavailable,unavailable,unavailable
yune,track-b-product,jyut6ping3_mobile,session_create_select_destroy,,7,1,schema_switch_options,2,unavailable,unavailable,unavailable
yune,track-b-product,jyut6ping3_mobile,session_create_select_destroy,,7,2,processor_install,4482,unavailable,unavailable,unavailable
yune,track-b-product,jyut6ping3_mobile,session_create_select_destroy,,7,3,schema_config_load,366,unavailable,unavailable,unavailable
yune,track-b-product,jyut6ping3_mobile,session_create_select_destroy,,7,4,translator_install,1753,unavailable,unavailable,unavailable
yune,track-b-product,jyut6ping3_mobile,session_create_select_destroy,,7,5,schema_config_load,374,unavailable,unavailable,unavailable
yune,track-b-product,jyut6ping3_mobile,session_create_select_destroy,,7,6,filter_install,50268,unavailable,unavailable,unavailable
yune,track-b-product,jyut6ping3_mobile,session_create_select_destroy,,7,7,userdb_open_or_sync,52,unavailable,unavailable,unavailable
yune,track-b-product,jyut6ping3_mobile,session_create_select_destroy,,7,8,session_create,59359,unavailable,unavailable,unavailable
yune,track-b-product,jyut6ping3_mobile,session_create_select_destroy,,7,9,schema_config_load,453,unavailable,unavailable,unavailable
yune,track-b-product,jyut6ping3_mobile,session_create_select_destroy,,7,10,schema_switch_options,5,unavailable,unavailable,unavailable
yune,track-b-product,jyut6ping3_mobile,session_create_select_destroy,,7,11,processor_install,4719,unavailable,unavailable,unavailable
yune,track-b-product,jyut6ping3_mobile,session_create_select_destroy,,7,12,schema_config_load,328,unavailable,unavailable,unavailable
yune,track-b-product,jyut6ping3_mobile,session_create_select_destroy,,7,13,translator_install,1228,unavailable,unavailable,unavailable
yune,track-b-product,jyut6ping3_mobile,session_create_select_destroy,,7,14,schema_config_load,347,unavailable,unavailable,unavailable
yune,track-b-product,jyut6ping3_mobile,session_create_select_destroy,,7,15,filter_install,65364,unavailable,unavailable,unavailable
yune,track-b-product,jyut6ping3_mobile,session_create_select_destroy,,7,16,userdb_open_or_sync,56,unavailable,unavailable,unavailable
yune,track-b-product,jyut6ping3_mobile,session_create_select_destroy,,7,17,schema_select,107675,unavailable,unavailable,unavailable
yune,track-b-product,jyut6ping3_mobile,session_create_select_destroy,,7,18,session_destroy,44649,unavailable,unavailable,unavailable
yune,track-b-product,jyut6ping3_mobile,session_create_select_destroy,,8,0,schema_config_load,383,unavailable,unavailable,unavailable
yune,track-b-product,jyut6ping3_mobile,session_create_select_destroy,,8,1,schema_switch_options,2,unavailable,unavailable,unavailable
yune,track-b-product,jyut6ping3_mobile,session_create_select_destroy,,8,2,processor_install,4441,unavailable,unavailable,unavailable
yune,track-b-product,jyut6ping3_mobile,session_create_select_destroy,,8,3,schema_config_load,368,unavailable,unavailable,unavailable
yune,track-b-product,jyut6ping3_mobile,session_create_select_destroy,,8,4,translator_install,1752,unavailable,unavailable,unavailable
yune,track-b-product,jyut6ping3_mobile,session_create_select_destroy,,8,5,schema_config_load,380,unavailable,unavailable,unavailable
yune,track-b-product,jyut6ping3_mobile,session_create_select_destroy,,8,6,filter_install,54885,unavailable,unavailable,unavailable
yune,track-b-product,jyut6ping3_mobile,session_create_select_destroy,,8,7,userdb_open_or_sync,91,unavailable,unavailable,unavailable
yune,track-b-product,jyut6ping3_mobile,session_create_select_destroy,,8,8,session_create,64032,unavailable,unavailable,unavailable
yune,track-b-product,jyut6ping3_mobile,session_create_select_destroy,,8,9,schema_config_load,482,unavailable,unavailable,unavailable
yune,track-b-product,jyut6ping3_mobile,session_create_select_destroy,,8,10,schema_switch_options,4,unavailable,unavailable,unavailable
yune,track-b-product,jyut6ping3_mobile,session_create_select_destroy,,8,11,processor_install,4358,unavailable,unavailable,unavailable
yune,track-b-product,jyut6ping3_mobile,session_create_select_destroy,,8,12,schema_config_load,331,unavailable,unavailable,unavailable
yune,track-b-product,jyut6ping3_mobile,session_create_select_destroy,,8,13,translator_install,1166,unavailable,unavailable,unavailable
yune,track-b-product,jyut6ping3_mobile,session_create_select_destroy,,8,14,schema_config_load,339,unavailable,unavailable,unavailable
yune,track-b-product,jyut6ping3_mobile,session_create_select_destroy,,8,15,filter_install,62207,unavailable,unavailable,unavailable
yune,track-b-product,jyut6ping3_mobile,session_create_select_destroy,,8,16,userdb_open_or_sync,40,unavailable,unavailable,unavailable
yune,track-b-product,jyut6ping3_mobile,session_create_select_destroy,,8,17,schema_select,103434,unavailable,unavailable,unavailable
yune,track-b-product,jyut6ping3_mobile,session_create_select_destroy,,8,18,session_destroy,35545,unavailable,unavailable,unavailable
yune,track-b-product,jyut6ping3_mobile,session_create_select_destroy,,9,0,schema_config_load,383,unavailable,unavailable,unavailable
yune,track-b-product,jyut6ping3_mobile,session_create_select_destroy,,9,1,schema_switch_options,2,unavailable,unavailable,unavailable
yune,track-b-product,jyut6ping3_mobile,session_create_select_destroy,,9,2,processor_install,4531,unavailable,unavailable,unavailable
yune,track-b-product,jyut6ping3_mobile,session_create_select_destroy,,9,3,schema_config_load,364,unavailable,unavailable,unavailable
yune,track-b-product,jyut6ping3_mobile,session_create_select_destroy,,9,4,translator_install,1772,unavailable,unavailable,unavailable
yune,track-b-product,jyut6ping3_mobile,session_create_select_destroy,,9,5,schema_config_load,380,unavailable,unavailable,unavailable
yune,track-b-product,jyut6ping3_mobile,session_create_select_destroy,,9,6,filter_install,54925,unavailable,unavailable,unavailable
yune,track-b-product,jyut6ping3_mobile,session_create_select_destroy,,9,7,userdb_open_or_sync,55,unavailable,unavailable,unavailable
yune,track-b-product,jyut6ping3_mobile,session_create_select_destroy,,9,8,session_create,64128,unavailable,unavailable,unavailable
yune,track-b-product,jyut6ping3_mobile,session_create_select_destroy,,9,9,schema_config_load,437,unavailable,unavailable,unavailable
yune,track-b-product,jyut6ping3_mobile,session_create_select_destroy,,9,10,schema_switch_options,5,unavailable,unavailable,unavailable
yune,track-b-product,jyut6ping3_mobile,session_create_select_destroy,,9,11,processor_install,4315,unavailable,unavailable,unavailable
yune,track-b-product,jyut6ping3_mobile,session_create_select_destroy,,9,12,schema_config_load,336,unavailable,unavailable,unavailable
yune,track-b-product,jyut6ping3_mobile,session_create_select_destroy,,9,13,translator_install,1174,unavailable,unavailable,unavailable
yune,track-b-product,jyut6ping3_mobile,session_create_select_destroy,,9,14,schema_config_load,346,unavailable,unavailable,unavailable
yune,track-b-product,jyut6ping3_mobile,session_create_select_destroy,,9,15,filter_install,53146,unavailable,unavailable,unavailable
yune,track-b-product,jyut6ping3_mobile,session_create_select_destroy,,9,16,userdb_open_or_sync,37,unavailable,unavailable,unavailable
yune,track-b-product,jyut6ping3_mobile,session_create_select_destroy,,9,17,schema_select,96632,unavailable,unavailable,unavailable
yune,track-b-product,jyut6ping3_mobile,session_create_select_destroy,,9,18,session_destroy,31094,unavailable,unavailable,unavailable
yune,track-b-product,jyut6ping3_mobile,session_create_select_destroy,,10,0,schema_config_load,372,unavailable,unavailable,unavailable
yune,track-b-product,jyut6ping3_mobile,session_create_select_destroy,,10,1,schema_switch_options,2,unavailable,unavailable,unavailable
yune,track-b-product,jyut6ping3_mobile,session_create_select_destroy,,10,2,processor_install,4445,unavailable,unavailable,unavailable
yune,track-b-product,jyut6ping3_mobile,session_create_select_destroy,,10,3,schema_config_load,357,unavailable,unavailable,unavailable
yune,track-b-product,jyut6ping3_mobile,session_create_select_destroy,,10,4,translator_install,1732,unavailable,unavailable,unavailable
yune,track-b-product,jyut6ping3_mobile,session_create_select_destroy,,10,5,schema_config_load,369,unavailable,unavailable,unavailable
yune,track-b-product,jyut6ping3_mobile,session_create_select_destroy,,10,6,filter_install,48352,unavailable,unavailable,unavailable
yune,track-b-product,jyut6ping3_mobile,session_create_select_destroy,,10,7,userdb_open_or_sync,52,unavailable,unavailable,unavailable
yune,track-b-product,jyut6ping3_mobile,session_create_select_destroy,,10,8,session_create,57338,unavailable,unavailable,unavailable
yune,track-b-product,jyut6ping3_mobile,session_create_select_destroy,,10,9,schema_config_load,427,unavailable,unavailable,unavailable
yune,track-b-product,jyut6ping3_mobile,session_create_select_destroy,,10,10,schema_switch_options,2,unavailable,unavailable,unavailable
yune,track-b-product,jyut6ping3_mobile,session_create_select_destroy,,10,11,processor_install,4167,unavailable,unavailable,unavailable
yune,track-b-product,jyut6ping3_mobile,session_create_select_destroy,,10,12,schema_config_load,330,unavailable,unavailable,unavailable
yune,track-b-product,jyut6ping3_mobile,session_create_select_destroy,,10,13,translator_install,1138,unavailable,unavailable,unavailable
yune,track-b-product,jyut6ping3_mobile,session_create_select_destroy,,10,14,schema_config_load,347,unavailable,unavailable,unavailable
yune,track-b-product,jyut6ping3_mobile,session_create_select_destroy,,10,15,filter_install,63258,unavailable,unavailable,unavailable
yune,track-b-product,jyut6ping3_mobile,session_create_select_destroy,,10,16,userdb_open_or_sync,40,unavailable,unavailable,unavailable
yune,track-b-product,jyut6ping3_mobile,session_create_select_destroy,,10,17,schema_select,96877,unavailable,unavailable,unavailable
yune,track-b-product,jyut6ping3_mobile,session_create_select_destroy,,10,18,session_destroy,39222,unavailable,unavailable,unavailable
yune,track-b-product,jyut6ping3_mobile,session_create_select_destroy,,11,0,schema_config_load,380,unavailable,unavailable,unavailable
yune,track-b-product,jyut6ping3_mobile,session_create_select_destroy,,11,1,schema_switch_options,2,unavailable,unavailable,unavailable
yune,track-b-product,jyut6ping3_mobile,session_create_select_destroy,,11,2,processor_install,4490,unavailable,unavailable,unavailable
yune,track-b-product,jyut6ping3_mobile,session_create_select_destroy,,11,3,schema_config_load,361,unavailable,unavailable,unavailable
yune,track-b-product,jyut6ping3_mobile,session_create_select_destroy,,11,4,translator_install,1745,unavailable,unavailable,unavailable
yune,track-b-product,jyut6ping3_mobile,session_create_select_destroy,,11,5,schema_config_load,404,unavailable,unavailable,unavailable
yune,track-b-product,jyut6ping3_mobile,session_create_select_destroy,,11,6,filter_install,48722,unavailable,unavailable,unavailable
yune,track-b-product,jyut6ping3_mobile,session_create_select_destroy,,11,7,userdb_open_or_sync,51,unavailable,unavailable,unavailable
yune,track-b-product,jyut6ping3_mobile,session_create_select_destroy,,11,8,session_create,57857,unavailable,unavailable,unavailable
yune,track-b-product,jyut6ping3_mobile,session_create_select_destroy,,11,9,schema_config_load,436,unavailable,unavailable,unavailable
yune,track-b-product,jyut6ping3_mobile,session_create_select_destroy,,11,10,schema_switch_options,3,unavailable,unavailable,unavailable
yune,track-b-product,jyut6ping3_mobile,session_create_select_destroy,,11,11,processor_install,4278,unavailable,unavailable,unavailable
yune,track-b-product,jyut6ping3_mobile,session_create_select_destroy,,11,12,schema_config_load,333,unavailable,unavailable,unavailable
yune,track-b-product,jyut6ping3_mobile,session_create_select_destroy,,11,13,translator_install,1134,unavailable,unavailable,unavailable
yune,track-b-product,jyut6ping3_mobile,session_create_select_destroy,,11,14,schema_config_load,340,unavailable,unavailable,unavailable
yune,track-b-product,jyut6ping3_mobile,session_create_select_destroy,,11,15,filter_install,53382,unavailable,unavailable,unavailable
yune,track-b-product,jyut6ping3_mobile,session_create_select_destroy,,11,16,userdb_open_or_sync,33,unavailable,unavailable,unavailable
yune,track-b-product,jyut6ping3_mobile,session_create_select_destroy,,11,17,schema_select,89598,unavailable,unavailable,unavailable
yune,track-b-product,jyut6ping3_mobile,session_create_select_destroy,,11,18,session_destroy,35817,unavailable,unavailable,unavailable
yune,track-b-product,jyut6ping3_mobile,session_create_select_destroy,,12,0,schema_config_load,371,unavailable,unavailable,unavailable
yune,track-b-product,jyut6ping3_mobile,session_create_select_destroy,,12,1,schema_switch_options,2,unavailable,unavailable,unavailable
yune,track-b-product,jyut6ping3_mobile,session_create_select_destroy,,12,2,processor_install,4433,unavailable,unavailable,unavailable
yune,track-b-product,jyut6ping3_mobile,session_create_select_destroy,,12,3,schema_config_load,355,unavailable,unavailable,unavailable
yune,track-b-product,jyut6ping3_mobile,session_create_select_destroy,,12,4,translator_install,1720,unavailable,unavailable,unavailable
yune,track-b-product,jyut6ping3_mobile,session_create_select_destroy,,12,5,schema_config_load,368,unavailable,unavailable,unavailable
yune,track-b-product,jyut6ping3_mobile,session_create_select_destroy,,12,6,filter_install,48478,unavailable,unavailable,unavailable
yune,track-b-product,jyut6ping3_mobile,session_create_select_destroy,,12,7,userdb_open_or_sync,40,unavailable,unavailable,unavailable
yune,track-b-product,jyut6ping3_mobile,session_create_select_destroy,,12,8,session_create,57425,unavailable,unavailable,unavailable
yune,track-b-product,jyut6ping3_mobile,session_create_select_destroy,,12,9,schema_config_load,433,unavailable,unavailable,unavailable
yune,track-b-product,jyut6ping3_mobile,session_create_select_destroy,,12,10,schema_switch_options,4,unavailable,unavailable,unavailable
yune,track-b-product,jyut6ping3_mobile,session_create_select_destroy,,12,11,processor_install,4283,unavailable,unavailable,unavailable
yune,track-b-product,jyut6ping3_mobile,session_create_select_destroy,,12,12,schema_config_load,330,unavailable,unavailable,unavailable
yune,track-b-product,jyut6ping3_mobile,session_create_select_destroy,,12,13,translator_install,1146,unavailable,unavailable,unavailable
yune,track-b-product,jyut6ping3_mobile,session_create_select_destroy,,12,14,schema_config_load,344,unavailable,unavailable,unavailable
yune,track-b-product,jyut6ping3_mobile,session_create_select_destroy,,12,15,filter_install,54638,unavailable,unavailable,unavailable
yune,track-b-product,jyut6ping3_mobile,session_create_select_destroy,,12,16,userdb_open_or_sync,30,unavailable,unavailable,unavailable
yune,track-b-product,jyut6ping3_mobile,session_create_select_destroy,,12,17,schema_select,91333,unavailable,unavailable,unavailable
yune,track-b-product,jyut6ping3_mobile,session_create_select_destroy,,12,18,session_destroy,31710,unavailable,unavailable,unavailable
yune,track-b-product,jyut6ping3_mobile,session_create_select_destroy,,13,0,schema_config_load,371,unavailable,unavailable,unavailable
yune,track-b-product,jyut6ping3_mobile,session_create_select_destroy,,13,1,schema_switch_options,2,unavailable,unavailable,unavailable
yune,track-b-product,jyut6ping3_mobile,session_create_select_destroy,,13,2,processor_install,4434,unavailable,unavailable,unavailable
yune,track-b-product,jyut6ping3_mobile,session_create_select_destroy,,13,3,schema_config_load,357,unavailable,unavailable,unavailable
yune,track-b-product,jyut6ping3_mobile,session_create_select_destroy,,13,4,translator_install,1799,unavailable,unavailable,unavailable
yune,track-b-product,jyut6ping3_mobile,session_create_select_destroy,,13,5,schema_config_load,369,unavailable,unavailable,unavailable
yune,track-b-product,jyut6ping3_mobile,session_create_select_destroy,,13,6,filter_install,50343,unavailable,unavailable,unavailable
yune,track-b-product,jyut6ping3_mobile,session_create_select_destroy,,13,7,userdb_open_or_sync,45,unavailable,unavailable,unavailable
yune,track-b-product,jyut6ping3_mobile,session_create_select_destroy,,13,8,session_create,59351,unavailable,unavailable,unavailable
yune,track-b-product,jyut6ping3_mobile,session_create_select_destroy,,13,9,schema_config_load,463,unavailable,unavailable,unavailable
yune,track-b-product,jyut6ping3_mobile,session_create_select_destroy,,13,10,schema_switch_options,4,unavailable,unavailable,unavailable
yune,track-b-product,jyut6ping3_mobile,session_create_select_destroy,,13,11,processor_install,4349,unavailable,unavailable,unavailable
yune,track-b-product,jyut6ping3_mobile,session_create_select_destroy,,13,12,schema_config_load,336,unavailable,unavailable,unavailable
yune,track-b-product,jyut6ping3_mobile,session_create_select_destroy,,13,13,translator_install,1150,unavailable,unavailable,unavailable
yune,track-b-product,jyut6ping3_mobile,session_create_select_destroy,,13,14,schema_config_load,349,unavailable,unavailable,unavailable
yune,track-b-product,jyut6ping3_mobile,session_create_select_destroy,,13,15,filter_install,53964,unavailable,unavailable,unavailable
yune,track-b-product,jyut6ping3_mobile,session_create_select_destroy,,13,16,userdb_open_or_sync,71,unavailable,unavailable,unavailable
yune,track-b-product,jyut6ping3_mobile,session_create_select_destroy,,13,17,schema_select,95642,unavailable,unavailable,unavailable
yune,track-b-product,jyut6ping3_mobile,session_create_select_destroy,,13,18,session_destroy,44834,unavailable,unavailable,unavailable
yune,track-b-product,jyut6ping3_mobile,session_create_select_destroy,,14,0,schema_config_load,377,unavailable,unavailable,unavailable
yune,track-b-product,jyut6ping3_mobile,session_create_select_destroy,,14,1,schema_switch_options,2,unavailable,unavailable,unavailable
yune,track-b-product,jyut6ping3_mobile,session_create_select_destroy,,14,2,processor_install,4595,unavailable,unavailable,unavailable
yune,track-b-product,jyut6ping3_mobile,session_create_select_destroy,,14,3,schema_config_load,358,unavailable,unavailable,unavailable
yune,track-b-product,jyut6ping3_mobile,session_create_select_destroy,,14,4,translator_install,1754,unavailable,unavailable,unavailable
yune,track-b-product,jyut6ping3_mobile,session_create_select_destroy,,14,5,schema_config_load,370,unavailable,unavailable,unavailable
yune,track-b-product,jyut6ping3_mobile,session_create_select_destroy,,14,6,filter_install,51221,unavailable,unavailable,unavailable
yune,track-b-product,jyut6ping3_mobile,session_create_select_destroy,,14,7,userdb_open_or_sync,57,unavailable,unavailable,unavailable
yune,track-b-product,jyut6ping3_mobile,session_create_select_destroy,,14,8,session_create,60490,unavailable,unavailable,unavailable
yune,track-b-product,jyut6ping3_mobile,session_create_select_destroy,,14,9,schema_config_load,448,unavailable,unavailable,unavailable
yune,track-b-product,jyut6ping3_mobile,session_create_select_destroy,,14,10,schema_switch_options,4,unavailable,unavailable,unavailable
yune,track-b-product,jyut6ping3_mobile,session_create_select_destroy,,14,11,processor_install,4264,unavailable,unavailable,unavailable
yune,track-b-product,jyut6ping3_mobile,session_create_select_destroy,,14,12,schema_config_load,339,unavailable,unavailable,unavailable
yune,track-b-product,jyut6ping3_mobile,session_create_select_destroy,,14,13,translator_install,1173,unavailable,unavailable,unavailable
yune,track-b-product,jyut6ping3_mobile,session_create_select_destroy,,14,14,schema_config_load,355,unavailable,unavailable,unavailable
yune,track-b-product,jyut6ping3_mobile,session_create_select_destroy,,14,15,filter_install,50774,unavailable,unavailable,unavailable
yune,track-b-product,jyut6ping3_mobile,session_create_select_destroy,,14,16,userdb_open_or_sync,81,unavailable,unavailable,unavailable
yune,track-b-product,jyut6ping3_mobile,session_create_select_destroy,,14,17,schema_select,89938,unavailable,unavailable,unavailable
yune,track-b-product,jyut6ping3_mobile,session_create_select_destroy,,14,18,session_destroy,37485,unavailable,unavailable,unavailable
yune,track-b-product,jyut6ping3_mobile,session_create_select_destroy,,15,0,schema_config_load,412,unavailable,unavailable,unavailable
yune,track-b-product,jyut6ping3_mobile,session_create_select_destroy,,15,1,schema_switch_options,2,unavailable,unavailable,unavailable
yune,track-b-product,jyut6ping3_mobile,session_create_select_destroy,,15,2,processor_install,4453,unavailable,unavailable,unavailable
yune,track-b-product,jyut6ping3_mobile,session_create_select_destroy,,15,3,schema_config_load,361,unavailable,unavailable,unavailable
yune,track-b-product,jyut6ping3_mobile,session_create_select_destroy,,15,4,translator_install,1763,unavailable,unavailable,unavailable
yune,track-b-product,jyut6ping3_mobile,session_create_select_destroy,,15,5,schema_config_load,372,unavailable,unavailable,unavailable
yune,track-b-product,jyut6ping3_mobile,session_create_select_destroy,,15,6,filter_install,53919,unavailable,unavailable,unavailable
yune,track-b-product,jyut6ping3_mobile,session_create_select_destroy,,15,7,userdb_open_or_sync,83,unavailable,unavailable,unavailable
yune,track-b-product,jyut6ping3_mobile,session_create_select_destroy,,15,8,session_create,63111,unavailable,unavailable,unavailable
yune,track-b-product,jyut6ping3_mobile,session_create_select_destroy,,15,9,schema_config_load,485,unavailable,unavailable,unavailable
yune,track-b-product,jyut6ping3_mobile,session_create_select_destroy,,15,10,schema_switch_options,4,unavailable,unavailable,unavailable
yune,track-b-product,jyut6ping3_mobile,session_create_select_destroy,,15,11,processor_install,4264,unavailable,unavailable,unavailable
yune,track-b-product,jyut6ping3_mobile,session_create_select_destroy,,15,12,schema_config_load,337,unavailable,unavailable,unavailable
yune,track-b-product,jyut6ping3_mobile,session_create_select_destroy,,15,13,translator_install,1155,unavailable,unavailable,unavailable
yune,track-b-product,jyut6ping3_mobile,session_create_select_destroy,,15,14,schema_config_load,351,unavailable,unavailable,unavailable
yune,track-b-product,jyut6ping3_mobile,session_create_select_destroy,,15,15,filter_install,49702,unavailable,unavailable,unavailable
yune,track-b-product,jyut6ping3_mobile,session_create_select_destroy,,15,16,userdb_open_or_sync,70,unavailable,unavailable,unavailable
yune,track-b-product,jyut6ping3_mobile,session_create_select_destroy,,15,17,schema_select,87102,unavailable,unavailable,unavailable
yune,track-b-product,jyut6ping3_mobile,session_create_select_destroy,,15,18,session_destroy,30592,unavailable,unavailable,unavailable
yune,track-b-product,jyut6ping3_mobile,session_create_select_destroy,,16,0,schema_config_load,371,unavailable,unavailable,unavailable
yune,track-b-product,jyut6ping3_mobile,session_create_select_destroy,,16,1,schema_switch_options,2,unavailable,unavailable,unavailable
yune,track-b-product,jyut6ping3_mobile,session_create_select_destroy,,16,2,processor_install,4462,unavailable,unavailable,unavailable
yune,track-b-product,jyut6ping3_mobile,session_create_select_destroy,,16,3,schema_config_load,359,unavailable,unavailable,unavailable
yune,track-b-product,jyut6ping3_mobile,session_create_select_destroy,,16,4,translator_install,1800,unavailable,unavailable,unavailable
yune,track-b-product,jyut6ping3_mobile,session_create_select_destroy,,16,5,schema_config_load,368,unavailable,unavailable,unavailable
yune,track-b-product,jyut6ping3_mobile,session_create_select_destroy,,16,6,filter_install,49187,unavailable,unavailable,unavailable
yune,track-b-product,jyut6ping3_mobile,session_create_select_destroy,,16,7,userdb_open_or_sync,67,unavailable,unavailable,unavailable
yune,track-b-product,jyut6ping3_mobile,session_create_select_destroy,,16,8,session_create,58266,unavailable,unavailable,unavailable
yune,track-b-product,jyut6ping3_mobile,session_create_select_destroy,,16,9,schema_config_load,445,unavailable,unavailable,unavailable
yune,track-b-product,jyut6ping3_mobile,session_create_select_destroy,,16,10,schema_switch_options,4,unavailable,unavailable,unavailable
yune,track-b-product,jyut6ping3_mobile,session_create_select_destroy,,16,11,processor_install,4353,unavailable,unavailable,unavailable
yune,track-b-product,jyut6ping3_mobile,session_create_select_destroy,,16,12,schema_config_load,341,unavailable,unavailable,unavailable
yune,track-b-product,jyut6ping3_mobile,session_create_select_destroy,,16,13,translator_install,1273,unavailable,unavailable,unavailable
yune,track-b-product,jyut6ping3_mobile,session_create_select_destroy,,16,14,schema_config_load,358,unavailable,unavailable,unavailable
yune,track-b-product,jyut6ping3_mobile,session_create_select_destroy,,16,15,filter_install,51833,unavailable,unavailable,unavailable
yune,track-b-product,jyut6ping3_mobile,session_create_select_destroy,,16,16,userdb_open_or_sync,39,unavailable,unavailable,unavailable
yune,track-b-product,jyut6ping3_mobile,session_create_select_destroy,,16,17,schema_select,88701,unavailable,unavailable,unavailable
yune,track-b-product,jyut6ping3_mobile,session_create_select_destroy,,16,18,session_destroy,34061,unavailable,unavailable,unavailable
yune,track-b-product,jyut6ping3_mobile,session_create_select_destroy,,17,0,schema_config_load,403,unavailable,unavailable,unavailable
yune,track-b-product,jyut6ping3_mobile,session_create_select_destroy,,17,1,schema_switch_options,2,unavailable,unavailable,unavailable
yune,track-b-product,jyut6ping3_mobile,session_create_select_destroy,,17,2,processor_install,5046,unavailable,unavailable,unavailable
yune,track-b-product,jyut6ping3_mobile,session_create_select_destroy,,17,3,schema_config_load,378,unavailable,unavailable,unavailable
yune,track-b-product,jyut6ping3_mobile,session_create_select_destroy,,17,4,translator_install,1873,unavailable,unavailable,unavailable
yune,track-b-product,jyut6ping3_mobile,session_create_select_destroy,,17,5,schema_config_load,386,unavailable,unavailable,unavailable
yune,track-b-product,jyut6ping3_mobile,session_create_select_destroy,,17,6,filter_install,55906,unavailable,unavailable,unavailable
yune,track-b-product,jyut6ping3_mobile,session_create_select_destroy,,17,7,userdb_open_or_sync,51,unavailable,unavailable,unavailable
yune,track-b-product,jyut6ping3_mobile,session_create_select_destroy,,17,8,session_create,65680,unavailable,unavailable,unavailable
yune,track-b-product,jyut6ping3_mobile,session_create_select_destroy,,17,9,schema_config_load,468,unavailable,unavailable,unavailable
yune,track-b-product,jyut6ping3_mobile,session_create_select_destroy,,17,10,schema_switch_options,5,unavailable,unavailable,unavailable
yune,track-b-product,jyut6ping3_mobile,session_create_select_destroy,,17,11,processor_install,4423,unavailable,unavailable,unavailable
yune,track-b-product,jyut6ping3_mobile,session_create_select_destroy,,17,12,schema_config_load,345,unavailable,unavailable,unavailable
yune,track-b-product,jyut6ping3_mobile,session_create_select_destroy,,17,13,translator_install,1258,unavailable,unavailable,unavailable
yune,track-b-product,jyut6ping3_mobile,session_create_select_destroy,,17,14,schema_config_load,356,unavailable,unavailable,unavailable
yune,track-b-product,jyut6ping3_mobile,session_create_select_destroy,,17,15,filter_install,57383,unavailable,unavailable,unavailable
yune,track-b-product,jyut6ping3_mobile,session_create_select_destroy,,17,16,userdb_open_or_sync,34,unavailable,unavailable,unavailable
yune,track-b-product,jyut6ping3_mobile,session_create_select_destroy,,17,17,schema_select,102770,unavailable,unavailable,unavailable
yune,track-b-product,jyut6ping3_mobile,session_create_select_destroy,,17,18,session_destroy,42961,unavailable,unavailable,unavailable
yune,track-b-product,jyut6ping3_mobile,session_create_select_destroy,,18,0,schema_config_load,383,unavailable,unavailable,unavailable
yune,track-b-product,jyut6ping3_mobile,session_create_select_destroy,,18,1,schema_switch_options,2,unavailable,unavailable,unavailable
yune,track-b-product,jyut6ping3_mobile,session_create_select_destroy,,18,2,processor_install,4552,unavailable,unavailable,unavailable
yune,track-b-product,jyut6ping3_mobile,session_create_select_destroy,,18,3,schema_config_load,505,unavailable,unavailable,unavailable
yune,track-b-product,jyut6ping3_mobile,session_create_select_destroy,,18,4,translator_install,1910,unavailable,unavailable,unavailable
yune,track-b-product,jyut6ping3_mobile,session_create_select_destroy,,18,5,schema_config_load,372,unavailable,unavailable,unavailable
yune,track-b-product,jyut6ping3_mobile,session_create_select_destroy,,18,6,filter_install,60165,unavailable,unavailable,unavailable
yune,track-b-product,jyut6ping3_mobile,session_create_select_destroy,,18,7,userdb_open_or_sync,39,unavailable,unavailable,unavailable
yune,track-b-product,jyut6ping3_mobile,session_create_select_destroy,,18,8,session_create,69607,unavailable,unavailable,unavailable
yune,track-b-product,jyut6ping3_mobile,session_create_select_destroy,,18,9,schema_config_load,433,unavailable,unavailable,unavailable
yune,track-b-product,jyut6ping3_mobile,session_create_select_destroy,,18,10,schema_switch_options,4,unavailable,unavailable,unavailable
yune,track-b-product,jyut6ping3_mobile,session_create_select_destroy,,18,11,processor_install,4266,unavailable,unavailable,unavailable
yune,track-b-product,jyut6ping3_mobile,session_create_select_destroy,,18,12,schema_config_load,359,unavailable,unavailable,unavailable
yune,track-b-product,jyut6ping3_mobile,session_create_select_destroy,,18,13,translator_install,1159,unavailable,unavailable,unavailable
yune,track-b-product,jyut6ping3_mobile,session_create_select_destroy,,18,14,schema_config_load,344,unavailable,unavailable,unavailable
yune,track-b-product,jyut6ping3_mobile,session_create_select_destroy,,18,15,filter_install,48958,unavailable,unavailable,unavailable
yune,track-b-product,jyut6ping3_mobile,session_create_select_destroy,,18,16,userdb_open_or_sync,29,unavailable,unavailable,unavailable
yune,track-b-product,jyut6ping3_mobile,session_create_select_destroy,,18,17,schema_select,94808,unavailable,unavailable,unavailable
yune,track-b-product,jyut6ping3_mobile,session_create_select_destroy,,18,18,session_destroy,26033,unavailable,unavailable,unavailable
yune,track-b-product,jyut6ping3_mobile,session_create_select_destroy,,19,0,schema_config_load,368,unavailable,unavailable,unavailable
yune,track-b-product,jyut6ping3_mobile,session_create_select_destroy,,19,1,schema_switch_options,2,unavailable,unavailable,unavailable
yune,track-b-product,jyut6ping3_mobile,session_create_select_destroy,,19,2,processor_install,4415,unavailable,unavailable,unavailable
yune,track-b-product,jyut6ping3_mobile,session_create_select_destroy,,19,3,schema_config_load,618,unavailable,unavailable,unavailable
yune,track-b-product,jyut6ping3_mobile,session_create_select_destroy,,19,4,translator_install,2429,unavailable,unavailable,unavailable
yune,track-b-product,jyut6ping3_mobile,session_create_select_destroy,,19,5,schema_config_load,394,unavailable,unavailable,unavailable
yune,track-b-product,jyut6ping3_mobile,session_create_select_destroy,,19,6,filter_install,51767,unavailable,unavailable,unavailable
yune,track-b-product,jyut6ping3_mobile,session_create_select_destroy,,19,7,userdb_open_or_sync,46,unavailable,unavailable,unavailable
yune,track-b-product,jyut6ping3_mobile,session_create_select_destroy,,19,8,session_create,61371,unavailable,unavailable,unavailable
yune,track-b-product,jyut6ping3_mobile,session_create_select_destroy,,19,9,schema_config_load,456,unavailable,unavailable,unavailable
yune,track-b-product,jyut6ping3_mobile,session_create_select_destroy,,19,10,schema_switch_options,3,unavailable,unavailable,unavailable
yune,track-b-product,jyut6ping3_mobile,session_create_select_destroy,,19,11,processor_install,4246,unavailable,unavailable,unavailable
yune,track-b-product,jyut6ping3_mobile,session_create_select_destroy,,19,12,schema_config_load,333,unavailable,unavailable,unavailable
yune,track-b-product,jyut6ping3_mobile,session_create_select_destroy,,19,13,translator_install,1127,unavailable,unavailable,unavailable
yune,track-b-product,jyut6ping3_mobile,session_create_select_destroy,,19,14,schema_config_load,344,unavailable,unavailable,unavailable
yune,track-b-product,jyut6ping3_mobile,session_create_select_destroy,,19,15,filter_install,51017,unavailable,unavailable,unavailable
yune,track-b-product,jyut6ping3_mobile,session_create_select_destroy,,19,16,userdb_open_or_sync,33,unavailable,unavailable,unavailable
yune,track-b-product,jyut6ping3_mobile,session_create_select_destroy,,19,17,schema_select,89041,unavailable,unavailable,unavailable
yune,track-b-product,jyut6ping3_mobile,session_create_select_destroy,,19,18,session_destroy,23573,unavailable,unavailable,unavailable
