"engine","track","schema_id","workload","input","sample_index","operation_count","total_us","us_per_operation","before_working_set_bytes","after_ready_working_set_bytes","after_finalize_working_set_bytes","peak_working_set_bytes"
"librime-1.17.0","track-a-comparison","luna_pinyin","startup_warm_shared_assets_runtime_ready","","0","1","51270.400","51270.400","7598080","11112448","10452992","12201984"
"librime-1.17.0","track-a-comparison","luna_pinyin","startup_warm_shared_assets_runtime_ready","","1","1","27371.400","27371.400","10461184","11452416","10563584","13889536"
"librime-1.17.0","track-a-comparison","luna_pinyin","startup_warm_shared_assets_runtime_ready","","2","1","24090.100","24090.100","10563584","11444224","10567680","13910016"
"librime-1.17.0","track-a-comparison","luna_pinyin","startup_warm_shared_assets_runtime_ready","","3","1","26280.300","26280.300","10567680","11440128","10571776","13910016"
"librime-1.17.0","track-a-comparison","luna_pinyin","startup_warm_shared_assets_runtime_ready","","4","1","24099.800","24099.800","10571776","11509760","10702848","13918208"
"librime-1.17.0","track-a-comparison","luna_pinyin","session_create_select_destroy","","0","1","23534.000","23534.000","10702848","10805248","unavailable","13996032"
"librime-1.17.0","track-a-comparison","luna_pinyin","session_create_select_destroy","","1","1","26238.800","26238.800","10805248","10932224","unavailable","13996032"
"librime-1.17.0","track-a-comparison","luna_pinyin","session_create_select_destroy","","2","1","25880.900","25880.900","10932224","10973184","unavailable","14028800"
"librime-1.17.0","track-a-comparison","luna_pinyin","session_create_select_destroy","","3","1","25599.700","25599.700","10973184","10964992","unavailable","14053376"
"librime-1.17.0","track-a-comparison","luna_pinyin","session_create_select_destroy","","4","1","28588.400","28588.400","10964992","10977280","unavailable","14053376"
"librime-1.17.0","track-a-comparison","luna_pinyin","session_create_select_destroy","","5","1","25803.900","25803.900","10977280","10973184","unavailable","14053376"
"librime-1.17.0","track-a-comparison","luna_pinyin","session_create_select_destroy","","6","1","29634.600","29634.600","10973184","10981376","unavailable","14053376"
"librime-1.17.0","track-a-comparison","luna_pinyin","session_create_select_destroy","","7","1","26088.700","26088.700","10981376","10985472","unavailable","14053376"
"librime-1.17.0","track-a-comparison","luna_pinyin","session_create_select_destroy","","8","1","28877.700","28877.700","10985472","10973184","unavailable","14053376"
"librime-1.17.0","track-a-comparison","luna_pinyin","session_create_select_destroy","","9","1","28797.100","28797.100","10973184","10969088","unavailable","14053376"
"librime-1.17.0","track-a-comparison","luna_pinyin","session_create_select_destroy","","10","1","28341.200","28341.200","10969088","10977280","unavailable","14053376"
"librime-1.17.0","track-a-comparison","luna_pinyin","session_create_select_destroy","","11","1","26483.400","26483.400","10977280","10969088","unavailable","14057472"
"librime-1.17.0","track-a-comparison","luna_pinyin","session_create_select_destroy","","12","1","26817.800","26817.800","10973184","10948608","unavailable","14057472"
"librime-1.17.0","track-a-comparison","luna_pinyin","session_create_select_destroy","","13","1","25721.600","25721.600","10948608","10985472","unavailable","14057472"
"librime-1.17.0","track-a-comparison","luna_pinyin","session_create_select_destroy","","14","1","30325.800","30325.800","10985472","11116544","unavailable","14057472"
"librime-1.17.0","track-a-comparison","luna_pinyin","session_create_select_destroy","","15","1","27954.700","27954.700","11116544","11071488","unavailable","14065664"
"librime-1.17.0","track-a-comparison","luna_pinyin","session_create_select_destroy","","16","1","25263.700","25263.700","11071488","11059200","unavailable","14082048"
"librime-1.17.0","track-a-comparison","luna_pinyin","session_create_select_destroy","","17","1","31961.900","31961.900","11059200","11091968","unavailable","14086144"
"librime-1.17.0","track-a-comparison","luna_pinyin","session_create_select_destroy","","18","1","26075.800","26075.800","11091968","11075584","unavailable","14098432"
"librime-1.17.0","track-a-comparison","luna_pinyin","session_create_select_destroy","","19","1","24611.300","24611.300","11075584","11235328","unavailable","14098432"
"librime-1.17.0","track-a-comparison","luna_pinyin","key_sequence_process_with_context","ni","0","2","29.900","14.950","12197888","12201984","unavailable","14098432"
"librime-1.17.0","track-a-comparison","luna_pinyin","key_sequence_process_with_context","ni","1","2","29.700","14.850","12201984","12201984","unavailable","14098432"
"librime-1.17.0","track-a-comparison","luna_pinyin","key_sequence_process_with_context","ni","2","2","29.500","14.750","12201984","12201984","unavailable","14098432"
"librime-1.17.0","track-a-comparison","luna_pinyin","key_sequence_process_with_context","ni","3","2","30.100","15.050","12201984","12201984","unavailable","14098432"
"librime-1.17.0","track-a-comparison","luna_pinyin","key_sequence_process_with_context","ni","4","2","29.200","14.600","12201984","12201984","unavailable","14098432"
"librime-1.17.0","track-a-comparison","luna_pinyin","key_sequence_process_with_context","ni","5","2","29.200","14.600","12201984","12201984","unavailable","14098432"
"librime-1.17.0","track-a-comparison","luna_pinyin","key_sequence_process_with_context","ni","6","2","28.700","14.350","12201984","12201984","unavailable","14098432"
"librime-1.17.0","track-a-comparison","luna_pinyin","key_sequence_process_with_context","ni","7","2","29.000","14.500","12201984","12201984","unavailable","14098432"
"librime-1.17.0","track-a-comparison","luna_pinyin","key_sequence_process_with_context","ni","8","2","29.500","14.750","12201984","12201984","unavailable","14098432"
"librime-1.17.0","track-a-comparison","luna_pinyin","key_sequence_process_with_context","ni","9","2","28.700","14.350","12201984","12201984","unavailable","14098432"
"librime-1.17.0","track-a-comparison","luna_pinyin","key_sequence_process_with_context","ni","10","2","29.200","14.600","12201984","12201984","unavailable","14098432"
"librime-1.17.0","track-a-comparison","luna_pinyin","key_sequence_process_with_context","ni","11","2","29.500","14.750","12201984","12201984","unavailable","14098432"
"librime-1.17.0","track-a-comparison","luna_pinyin","key_sequence_process_with_context","ni","12","2","29.500","14.750","12201984","12201984","unavailable","14098432"
"librime-1.17.0","track-a-comparison","luna_pinyin","key_sequence_process_with_context","ni","13","2","34.900","17.450","12201984","12201984","unavailable","14098432"
"librime-1.17.0","track-a-comparison","luna_pinyin","key_sequence_process_with_context","ni","14","2","29.000","14.500","12201984","12201984","unavailable","14098432"
"librime-1.17.0","track-a-comparison","luna_pinyin","key_sequence_process_with_context","ni","15","2","28.800","14.400","12201984","12201984","unavailable","14098432"
"librime-1.17.0","track-a-comparison","luna_pinyin","key_sequence_process_with_context","ni","16","2","29.000","14.500","12201984","12201984","unavailable","14098432"
"librime-1.17.0","track-a-comparison","luna_pinyin","key_sequence_process_with_context","ni","17","2","28.900","14.450","12201984","12201984","unavailable","14098432"
"librime-1.17.0","track-a-comparison","luna_pinyin","key_sequence_process_with_context","ni","18","2","28.800","14.400","12201984","12201984","unavailable","14098432"
"librime-1.17.0","track-a-comparison","luna_pinyin","key_sequence_process_with_context","ni","19","2","28.800","14.400","12201984","12201984","unavailable","14098432"
"librime-1.17.0","track-a-comparison","luna_pinyin","key_sequence_process_with_context","hao","0","3","35.900","11.967","12386304","12386304","unavailable","14225408"
"librime-1.17.0","track-a-comparison","luna_pinyin","key_sequence_process_with_context","hao","1","3","35.700","11.900","12386304","12386304","unavailable","14225408"
"librime-1.17.0","track-a-comparison","luna_pinyin","key_sequence_process_with_context","hao","2","3","35.400","11.800","12386304","12386304","unavailable","14225408"
"librime-1.17.0","track-a-comparison","luna_pinyin","key_sequence_process_with_context","hao","3","3","35.900","11.967","12386304","12386304","unavailable","14225408"
"librime-1.17.0","track-a-comparison","luna_pinyin","key_sequence_process_with_context","hao","4","3","36.100","12.033","12386304","12386304","unavailable","14225408"
"librime-1.17.0","track-a-comparison","luna_pinyin","key_sequence_process_with_context","hao","5","3","35.100","11.700","12386304","12386304","unavailable","14225408"
"librime-1.17.0","track-a-comparison","luna_pinyin","key_sequence_process_with_context","hao","6","3","34.700","11.567","12386304","12386304","unavailable","14225408"
"librime-1.17.0","track-a-comparison","luna_pinyin","key_sequence_process_with_context","hao","7","3","42.500","14.167","12386304","12386304","unavailable","14225408"
"librime-1.17.0","track-a-comparison","luna_pinyin","key_sequence_process_with_context","hao","8","3","35.600","11.867","12386304","12386304","unavailable","14225408"
"librime-1.17.0","track-a-comparison","luna_pinyin","key_sequence_process_with_context","hao","9","3","35.000","11.667","12386304","12386304","unavailable","14225408"
"librime-1.17.0","track-a-comparison","luna_pinyin","key_sequence_process_with_context","hao","10","3","35.100","11.700","12386304","12386304","unavailable","14225408"
"librime-1.17.0","track-a-comparison","luna_pinyin","key_sequence_process_with_context","hao","11","3","35.100","11.700","12386304","12386304","unavailable","14225408"
"librime-1.17.0","track-a-comparison","luna_pinyin","key_sequence_process_with_context","hao","12","3","35.200","11.733","12386304","12386304","unavailable","14225408"
"librime-1.17.0","track-a-comparison","luna_pinyin","key_sequence_process_with_context","hao","13","3","35.600","11.867","12386304","12386304","unavailable","14225408"
"librime-1.17.0","track-a-comparison","luna_pinyin","key_sequence_process_with_context","hao","14","3","35.000","11.667","12386304","12386304","unavailable","14225408"
"librime-1.17.0","track-a-comparison","luna_pinyin","key_sequence_process_with_context","hao","15","3","37.700","12.567","12386304","12386304","unavailable","14225408"
"librime-1.17.0","track-a-comparison","luna_pinyin","key_sequence_process_with_context","hao","16","3","44.200","14.733","12386304","12386304","unavailable","14225408"
"librime-1.17.0","track-a-comparison","luna_pinyin","key_sequence_process_with_context","hao","17","3","35.900","11.967","12386304","12386304","unavailable","14225408"
"librime-1.17.0","track-a-comparison","luna_pinyin","key_sequence_process_with_context","hao","18","3","35.400","11.800","12386304","12386304","unavailable","14225408"
"librime-1.17.0","track-a-comparison","luna_pinyin","key_sequence_process_with_context","hao","19","3","40.800","13.600","12386304","12386304","unavailable","14225408"
"librime-1.17.0","track-a-comparison","luna_pinyin","key_sequence_process_with_context","zhongguo","0","8","1532.700","191.587","13254656","13254656","unavailable","14233600"
"librime-1.17.0","track-a-comparison","luna_pinyin","key_sequence_process_with_context","zhongguo","1","8","1475.800","184.475","13254656","13250560","unavailable","14233600"
"librime-1.17.0","track-a-comparison","luna_pinyin","key_sequence_process_with_context","zhongguo","2","8","1489.800","186.225","13250560","13266944","unavailable","14233600"
"librime-1.17.0","track-a-comparison","luna_pinyin","key_sequence_process_with_context","zhongguo","3","8","1422.300","177.787","13266944","13271040","unavailable","14233600"
"librime-1.17.0","track-a-comparison","luna_pinyin","key_sequence_process_with_context","zhongguo","4","8","1482.700","185.338","13271040","13258752","unavailable","14233600"
"librime-1.17.0","track-a-comparison","luna_pinyin","key_sequence_process_with_context","zhongguo","5","8","1467.500","183.438","13258752","13250560","unavailable","14233600"
"librime-1.17.0","track-a-comparison","luna_pinyin","key_sequence_process_with_context","zhongguo","6","8","1533.800","191.725","13250560","13258752","unavailable","14233600"
"librime-1.17.0","track-a-comparison","luna_pinyin","key_sequence_process_with_context","zhongguo","7","8","1453.700","181.713","13258752","13254656","unavailable","14233600"
"librime-1.17.0","track-a-comparison","luna_pinyin","key_sequence_process_with_context","zhongguo","8","8","1418.600","177.325","13254656","13250560","unavailable","14233600"
"librime-1.17.0","track-a-comparison","luna_pinyin","key_sequence_process_with_context","zhongguo","9","8","1461.000","182.625","13250560","13242368","unavailable","14233600"
"librime-1.17.0","track-a-comparison","luna_pinyin","key_sequence_process_with_context","zhongguo","10","8","1483.400","185.425","13246464","13266944","unavailable","14233600"
"librime-1.17.0","track-a-comparison","luna_pinyin","key_sequence_process_with_context","zhongguo","11","8","1463.500","182.938","13266944","13279232","unavailable","14233600"
"librime-1.17.0","track-a-comparison","luna_pinyin","key_sequence_process_with_context","zhongguo","12","8","1453.900","181.737","13279232","13250560","unavailable","14233600"
"librime-1.17.0","track-a-comparison","luna_pinyin","key_sequence_process_with_context","zhongguo","13","8","1463.800","182.975","13250560","13250560","unavailable","14233600"
"librime-1.17.0","track-a-comparison","luna_pinyin","key_sequence_process_with_context","zhongguo","14","8","1463.300","182.912","13250560","13250560","unavailable","14233600"
"librime-1.17.0","track-a-comparison","luna_pinyin","key_sequence_process_with_context","zhongguo","15","8","1490.600","186.325","13250560","13279232","unavailable","14233600"
"librime-1.17.0","track-a-comparison","luna_pinyin","key_sequence_process_with_context","zhongguo","16","8","1466.000","183.250","13279232","13266944","unavailable","14233600"
"librime-1.17.0","track-a-comparison","luna_pinyin","key_sequence_process_with_context","zhongguo","17","8","1485.500","185.688","13266944","13287424","unavailable","14233600"
"librime-1.17.0","track-a-comparison","luna_pinyin","key_sequence_process_with_context","zhongguo","18","8","1490.300","186.287","13287424","13287424","unavailable","14233600"
"librime-1.17.0","track-a-comparison","luna_pinyin","key_sequence_process_with_context","zhongguo","19","8","1404.200","175.525","13287424","13262848","unavailable","14233600"
"yune","track-a-comparison","luna_pinyin","startup_warm_shared_assets_runtime_ready","","0","1","824171.600","824171.600","4726784","160432128","160436224","171839488"
"yune","track-a-comparison","luna_pinyin","startup_warm_shared_assets_runtime_ready","","1","1","53746.400","53746.400","160444416","160501760","160501760","171839488"
"yune","track-a-comparison","luna_pinyin","startup_warm_shared_assets_runtime_ready","","2","1","60921.500","60921.500","160501760","160501760","160501760","171839488"
"yune","track-a-comparison","luna_pinyin","startup_warm_shared_assets_runtime_ready","","3","1","53501.800","53501.800","160501760","160550912","160550912","171839488"
"yune","track-a-comparison","luna_pinyin","startup_warm_shared_assets_runtime_ready","","4","1","48947.600","48947.600","160550912","160583680","160583680","171839488"
"yune","track-a-comparison","luna_pinyin","session_create_select_destroy","","0","1","47850.500","47850.500","160583680","160628736","unavailable","171839488"
"yune","track-a-comparison","luna_pinyin","session_create_select_destroy","","1","1","46730.100","46730.100","160628736","160628736","unavailable","171839488"
"yune","track-a-comparison","luna_pinyin","session_create_select_destroy","","2","1","47988.900","47988.900","160628736","160641024","unavailable","171839488"
"yune","track-a-comparison","luna_pinyin","session_create_select_destroy","","3","1","48304.800","48304.800","160641024","160645120","unavailable","171839488"
"yune","track-a-comparison","luna_pinyin","session_create_select_destroy","","4","1","48129.800","48129.800","160645120","160649216","unavailable","171839488"
"yune","track-a-comparison","luna_pinyin","session_create_select_destroy","","5","1","47344.300","47344.300","160649216","160665600","unavailable","171839488"
"yune","track-a-comparison","luna_pinyin","session_create_select_destroy","","6","1","50562.600","50562.600","160665600","160665600","unavailable","171839488"
"yune","track-a-comparison","luna_pinyin","session_create_select_destroy","","7","1","48263.400","48263.400","160665600","160665600","unavailable","171839488"
"yune","track-a-comparison","luna_pinyin","session_create_select_destroy","","8","1","51966.800","51966.800","160665600","160665600","unavailable","171839488"
"yune","track-a-comparison","luna_pinyin","session_create_select_destroy","","9","1","48010.000","48010.000","160665600","160665600","unavailable","171839488"
"yune","track-a-comparison","luna_pinyin","session_create_select_destroy","","10","1","50852.800","50852.800","160665600","160665600","unavailable","171839488"
"yune","track-a-comparison","luna_pinyin","session_create_select_destroy","","11","1","53824.700","53824.700","160665600","160665600","unavailable","171839488"
"yune","track-a-comparison","luna_pinyin","session_create_select_destroy","","12","1","50460.700","50460.700","160665600","160665600","unavailable","171839488"
"yune","track-a-comparison","luna_pinyin","session_create_select_destroy","","13","1","48847.600","48847.600","160665600","160665600","unavailable","171839488"
"yune","track-a-comparison","luna_pinyin","session_create_select_destroy","","14","1","51536.900","51536.900","160665600","160665600","unavailable","171839488"
"yune","track-a-comparison","luna_pinyin","session_create_select_destroy","","15","1","47587.500","47587.500","160665600","160665600","unavailable","171839488"
"yune","track-a-comparison","luna_pinyin","session_create_select_destroy","","16","1","50660.400","50660.400","160665600","160665600","unavailable","171839488"
"yune","track-a-comparison","luna_pinyin","session_create_select_destroy","","17","1","48257.200","48257.200","160665600","160677888","unavailable","171839488"
"yune","track-a-comparison","luna_pinyin","session_create_select_destroy","","18","1","50835.100","50835.100","160677888","160677888","unavailable","171839488"
"yune","track-a-comparison","luna_pinyin","session_create_select_destroy","","19","1","53062.000","53062.000","160677888","160677888","unavailable","171839488"
"yune","track-a-comparison","luna_pinyin","key_sequence_process_with_context","ni","0","2","6133.000","3066.500","161476608","161533952","unavailable","171839488"
"yune","track-a-comparison","luna_pinyin","key_sequence_process_with_context","ni","1","2","6006.000","3003.000","161533952","161533952","unavailable","171839488"
"yune","track-a-comparison","luna_pinyin","key_sequence_process_with_context","ni","2","2","5934.500","2967.250","161533952","161533952","unavailable","171839488"
"yune","track-a-comparison","luna_pinyin","key_sequence_process_with_context","ni","3","2","5967.700","2983.850","161533952","161533952","unavailable","171839488"
"yune","track-a-comparison","luna_pinyin","key_sequence_process_with_context","ni","4","2","6030.300","3015.150","161533952","161533952","unavailable","171839488"
"yune","track-a-comparison","luna_pinyin","key_sequence_process_with_context","ni","5","2","6038.000","3019.000","161533952","161533952","unavailable","171839488"
"yune","track-a-comparison","luna_pinyin","key_sequence_process_with_context","ni","6","2","6170.700","3085.350","161533952","161533952","unavailable","171839488"
"yune","track-a-comparison","luna_pinyin","key_sequence_process_with_context","ni","7","2","7237.800","3618.900","161533952","161533952","unavailable","171839488"
"yune","track-a-comparison","luna_pinyin","key_sequence_process_with_context","ni","8","2","6154.700","3077.350","161533952","161550336","unavailable","171839488"
"yune","track-a-comparison","luna_pinyin","key_sequence_process_with_context","ni","9","2","6283.500","3141.750","161550336","161550336","unavailable","171839488"
"yune","track-a-comparison","luna_pinyin","key_sequence_process_with_context","ni","10","2","6460.100","3230.050","161550336","161550336","unavailable","171839488"
"yune","track-a-comparison","luna_pinyin","key_sequence_process_with_context","ni","11","2","6269.200","3134.600","161550336","161550336","unavailable","171839488"
"yune","track-a-comparison","luna_pinyin","key_sequence_process_with_context","ni","12","2","6255.800","3127.900","161550336","161550336","unavailable","171839488"
"yune","track-a-comparison","luna_pinyin","key_sequence_process_with_context","ni","13","2","6284.700","3142.350","161550336","161550336","unavailable","171839488"
"yune","track-a-comparison","luna_pinyin","key_sequence_process_with_context","ni","14","2","6400.900","3200.450","161550336","161550336","unavailable","171839488"
"yune","track-a-comparison","luna_pinyin","key_sequence_process_with_context","ni","15","2","6207.200","3103.600","161550336","161550336","unavailable","171839488"
"yune","track-a-comparison","luna_pinyin","key_sequence_process_with_context","ni","16","2","6294.000","3147.000","161550336","161550336","unavailable","171839488"
"yune","track-a-comparison","luna_pinyin","key_sequence_process_with_context","ni","17","2","6132.800","3066.400","161550336","161550336","unavailable","171839488"
"yune","track-a-comparison","luna_pinyin","key_sequence_process_with_context","ni","18","2","6142.600","3071.300","161550336","161550336","unavailable","171839488"
"yune","track-a-comparison","luna_pinyin","key_sequence_process_with_context","ni","19","2","7249.200","3624.600","161550336","161550336","unavailable","171839488"
"yune","track-a-comparison","luna_pinyin","key_sequence_process_with_context","hao","0","3","13792.900","4597.633","161792000","161792000","unavailable","171839488"
"yune","track-a-comparison","luna_pinyin","key_sequence_process_with_context","hao","1","3","12753.000","4251.000","161792000","161792000","unavailable","171839488"
"yune","track-a-comparison","luna_pinyin","key_sequence_process_with_context","hao","2","3","12599.100","4199.700","161792000","161812480","unavailable","171839488"
"yune","track-a-comparison","luna_pinyin","key_sequence_process_with_context","hao","3","3","13510.400","4503.467","161812480","161812480","unavailable","171839488"
"yune","track-a-comparison","luna_pinyin","key_sequence_process_with_context","hao","4","3","13488.800","4496.267","161812480","161812480","unavailable","171839488"
"yune","track-a-comparison","luna_pinyin","key_sequence_process_with_context","hao","5","3","13116.700","4372.233","161812480","161812480","unavailable","171839488"
"yune","track-a-comparison","luna_pinyin","key_sequence_process_with_context","hao","6","3","13367.200","4455.733","161812480","161812480","unavailable","171839488"
"yune","track-a-comparison","luna_pinyin","key_sequence_process_with_context","hao","7","3","12659.200","4219.733","161812480","161812480","unavailable","171839488"
"yune","track-a-comparison","luna_pinyin","key_sequence_process_with_context","hao","8","3","13697.600","4565.867","161812480","161812480","unavailable","171839488"
"yune","track-a-comparison","luna_pinyin","key_sequence_process_with_context","hao","9","3","12705.100","4235.033","161812480","161812480","unavailable","171839488"
"yune","track-a-comparison","luna_pinyin","key_sequence_process_with_context","hao","10","3","12185.200","4061.733","161812480","161812480","unavailable","171839488"
"yune","track-a-comparison","luna_pinyin","key_sequence_process_with_context","hao","11","3","12627.600","4209.200","161812480","161812480","unavailable","171839488"
"yune","track-a-comparison","luna_pinyin","key_sequence_process_with_context","hao","12","3","12106.200","4035.400","161812480","161812480","unavailable","171839488"
"yune","track-a-comparison","luna_pinyin","key_sequence_process_with_context","hao","13","3","12281.200","4093.733","161812480","161812480","unavailable","171839488"
"yune","track-a-comparison","luna_pinyin","key_sequence_process_with_context","hao","14","3","12546.000","4182.000","161812480","161812480","unavailable","171839488"
"yune","track-a-comparison","luna_pinyin","key_sequence_process_with_context","hao","15","3","12837.100","4279.033","161812480","161812480","unavailable","171839488"
"yune","track-a-comparison","luna_pinyin","key_sequence_process_with_context","hao","16","3","14367.000","4789.000","161812480","161832960","unavailable","171839488"
"yune","track-a-comparison","luna_pinyin","key_sequence_process_with_context","hao","17","3","14314.200","4771.400","161832960","161832960","unavailable","171839488"
"yune","track-a-comparison","luna_pinyin","key_sequence_process_with_context","hao","18","3","15336.600","5112.200","161832960","161832960","unavailable","171839488"
"yune","track-a-comparison","luna_pinyin","key_sequence_process_with_context","hao","19","3","14581.400","4860.467","161832960","161832960","unavailable","171839488"
"yune","track-a-comparison","luna_pinyin","key_sequence_process_with_context","zhongguo","0","8","39449.400","4931.175","161685504","161685504","unavailable","171839488"
"yune","track-a-comparison","luna_pinyin","key_sequence_process_with_context","zhongguo","1","8","43952.700","5494.087","161685504","161685504","unavailable","171839488"
"yune","track-a-comparison","luna_pinyin","key_sequence_process_with_context","zhongguo","2","8","37867.200","4733.400","161685504","161685504","unavailable","171839488"
"yune","track-a-comparison","luna_pinyin","key_sequence_process_with_context","zhongguo","3","8","36647.300","4580.913","161685504","161685504","unavailable","171839488"
"yune","track-a-comparison","luna_pinyin","key_sequence_process_with_context","zhongguo","4","8","43806.700","5475.837","161685504","161685504","unavailable","171839488"
"yune","track-a-comparison","luna_pinyin","key_sequence_process_with_context","zhongguo","5","8","44482.800","5560.350","161685504","161685504","unavailable","171839488"
"yune","track-a-comparison","luna_pinyin","key_sequence_process_with_context","zhongguo","6","8","40801.400","5100.175","161685504","161685504","unavailable","171839488"
"yune","track-a-comparison","luna_pinyin","key_sequence_process_with_context","zhongguo","7","8","39252.400","4906.550","161685504","161685504","unavailable","171839488"
"yune","track-a-comparison","luna_pinyin","key_sequence_process_with_context","zhongguo","8","8","38344.000","4793.000","161685504","161685504","unavailable","171839488"
"yune","track-a-comparison","luna_pinyin","key_sequence_process_with_context","zhongguo","9","8","36726.700","4590.838","161685504","161685504","unavailable","171839488"
"yune","track-a-comparison","luna_pinyin","key_sequence_process_with_context","zhongguo","10","8","35884.500","4485.562","161685504","161685504","unavailable","171839488"
"yune","track-a-comparison","luna_pinyin","key_sequence_process_with_context","zhongguo","11","8","37836.600","4729.575","161685504","161685504","unavailable","171839488"
"yune","track-a-comparison","luna_pinyin","key_sequence_process_with_context","zhongguo","12","8","39717.600","4964.700","161685504","161685504","unavailable","171839488"
"yune","track-a-comparison","luna_pinyin","key_sequence_process_with_context","zhongguo","13","8","40914.000","5114.250","161685504","161685504","unavailable","171839488"
"yune","track-a-comparison","luna_pinyin","key_sequence_process_with_context","zhongguo","14","8","42615.800","5326.975","161685504","161685504","unavailable","171839488"
"yune","track-a-comparison","luna_pinyin","key_sequence_process_with_context","zhongguo","15","8","39608.500","4951.062","161685504","161705984","unavailable","171839488"
"yune","track-a-comparison","luna_pinyin","key_sequence_process_with_context","zhongguo","16","8","37376.900","4672.112","161705984","161726464","unavailable","171839488"
"yune","track-a-comparison","luna_pinyin","key_sequence_process_with_context","zhongguo","17","8","40426.500","5053.312","161726464","161726464","unavailable","171839488"
"yune","track-a-comparison","luna_pinyin","key_sequence_process_with_context","zhongguo","18","8","41858.900","5232.362","161726464","161726464","unavailable","171839488"
"yune","track-a-comparison","luna_pinyin","key_sequence_process_with_context","zhongguo","19","8","39743.400","4967.925","161726464","161726464","unavailable","171839488"
"yune","track-b-product","jyut6ping3_mobile","startup_warm_shared_assets_runtime_ready","","0","1","25017267.600","25017267.600","10280960","772276224","759427072","928235520"
"yune","track-b-product","jyut6ping3_mobile","startup_warm_shared_assets_runtime_ready","","1","1","201750.000","201750.000","759427072","775049216","762200064","928235520"
"yune","track-b-product","jyut6ping3_mobile","startup_warm_shared_assets_runtime_ready","","2","1","190007.000","190007.000","762200064","775208960","762359808","928235520"
"yune","track-b-product","jyut6ping3_mobile","startup_warm_shared_assets_runtime_ready","","3","1","191818.600","191818.600","762359808","775208960","762359808","928235520"
"yune","track-b-product","jyut6ping3_mobile","startup_warm_shared_assets_runtime_ready","","4","1","194962.200","194962.200","762359808","775208960","762359808","928235520"
"yune","track-b-product","jyut6ping3_mobile","session_create_select_destroy","","0","1","251082.700","251082.700","762359808","762359808","unavailable","928235520"
"yune","track-b-product","jyut6ping3_mobile","session_create_select_destroy","","1","1","235120.000","235120.000","762359808","762359808","unavailable","928235520"
"yune","track-b-product","jyut6ping3_mobile","session_create_select_destroy","","2","1","233623.500","233623.500","762359808","762359808","unavailable","928235520"
"yune","track-b-product","jyut6ping3_mobile","session_create_select_destroy","","3","1","240000.400","240000.400","762359808","762359808","unavailable","928235520"
"yune","track-b-product","jyut6ping3_mobile","session_create_select_destroy","","4","1","234479.200","234479.200","762359808","762359808","unavailable","928235520"
"yune","track-b-product","jyut6ping3_mobile","session_create_select_destroy","","5","1","219271.500","219271.500","762359808","762359808","unavailable","928235520"
"yune","track-b-product","jyut6ping3_mobile","session_create_select_destroy","","6","1","234882.300","234882.300","762359808","762359808","unavailable","928235520"
"yune","track-b-product","jyut6ping3_mobile","session_create_select_destroy","","7","1","234512.300","234512.300","762359808","762359808","unavailable","928235520"
"yune","track-b-product","jyut6ping3_mobile","session_create_select_destroy","","8","1","243734.700","243734.700","762359808","762359808","unavailable","928235520"
"yune","track-b-product","jyut6ping3_mobile","session_create_select_destroy","","9","1","224529.900","224529.900","762359808","762359808","unavailable","928235520"
"yune","track-b-product","jyut6ping3_mobile","session_create_select_destroy","","10","1","243562.800","243562.800","762359808","762359808","unavailable","928235520"
"yune","track-b-product","jyut6ping3_mobile","session_create_select_destroy","","11","1","248277.900","248277.900","762359808","762359808","unavailable","928235520"
"yune","track-b-product","jyut6ping3_mobile","session_create_select_destroy","","12","1","248076.000","248076.000","762359808","762359808","unavailable","928235520"
"yune","track-b-product","jyut6ping3_mobile","session_create_select_destroy","","13","1","223162.500","223162.500","762359808","762359808","unavailable","928235520"
"yune","track-b-product","jyut6ping3_mobile","session_create_select_destroy","","14","1","240996.400","240996.400","762359808","762359808","unavailable","928235520"
"yune","track-b-product","jyut6ping3_mobile","session_create_select_destroy","","15","1","237671.300","237671.300","762359808","762359808","unavailable","928235520"
"yune","track-b-product","jyut6ping3_mobile","session_create_select_destroy","","16","1","239550.900","239550.900","762359808","762359808","unavailable","928235520"
"yune","track-b-product","jyut6ping3_mobile","session_create_select_destroy","","17","1","242091.700","242091.700","762359808","762359808","unavailable","928235520"
"yune","track-b-product","jyut6ping3_mobile","session_create_select_destroy","","18","1","243389.300","243389.300","762359808","762359808","unavailable","928235520"
"yune","track-b-product","jyut6ping3_mobile","session_create_select_destroy","","19","1","222418.100","222418.100","762359808","762359808","unavailable","928235520"
"yune","track-b-product","jyut6ping3_mobile","key_sequence_process_with_context","hai","0","3","61739.000","20579.667","778940416","778993664","unavailable","928235520"
"yune","track-b-product","jyut6ping3_mobile","key_sequence_process_with_context","hai","1","3","62925.700","20975.233","778993664","778993664","unavailable","928235520"
"yune","track-b-product","jyut6ping3_mobile","key_sequence_process_with_context","hai","2","3","64385.200","21461.733","778993664","778993664","unavailable","928235520"
"yune","track-b-product","jyut6ping3_mobile","key_sequence_process_with_context","hai","3","3","62162.500","20720.833","778993664","778993664","unavailable","928235520"
"yune","track-b-product","jyut6ping3_mobile","key_sequence_process_with_context","hai","4","3","64654.500","21551.500","778993664","778993664","unavailable","928235520"
"yune","track-b-product","jyut6ping3_mobile","key_sequence_process_with_context","hai","5","3","65067.600","21689.200","778993664","778993664","unavailable","928235520"
"yune","track-b-product","jyut6ping3_mobile","key_sequence_process_with_context","hai","6","3","63837.900","21279.300","778993664","778993664","unavailable","928235520"
"yune","track-b-product","jyut6ping3_mobile","key_sequence_process_with_context","hai","7","3","64268.300","21422.767","778993664","778993664","unavailable","928235520"
"yune","track-b-product","jyut6ping3_mobile","key_sequence_process_with_context","hai","8","3","61716.700","20572.233","778993664","778993664","unavailable","928235520"
"yune","track-b-product","jyut6ping3_mobile","key_sequence_process_with_context","hai","9","3","72526.800","24175.600","778993664","778993664","unavailable","928235520"
"yune","track-b-product","jyut6ping3_mobile","key_sequence_process_with_context","hai","10","3","70664.500","23554.833","778993664","778993664","unavailable","928235520"
"yune","track-b-product","jyut6ping3_mobile","key_sequence_process_with_context","hai","11","3","64452.700","21484.233","778993664","778993664","unavailable","928235520"
"yune","track-b-product","jyut6ping3_mobile","key_sequence_process_with_context","hai","12","3","63012.800","21004.267","778993664","778993664","unavailable","928235520"
"yune","track-b-product","jyut6ping3_mobile","key_sequence_process_with_context","hai","13","3","63475.800","21158.600","778993664","778993664","unavailable","928235520"
"yune","track-b-product","jyut6ping3_mobile","key_sequence_process_with_context","hai","14","3","63539.300","21179.767","778993664","778993664","unavailable","928235520"
"yune","track-b-product","jyut6ping3_mobile","key_sequence_process_with_context","hai","15","3","71181.200","23727.067","778993664","778993664","unavailable","928235520"
"yune","track-b-product","jyut6ping3_mobile","key_sequence_process_with_context","hai","16","3","62886.700","20962.233","778993664","778993664","unavailable","928235520"
"yune","track-b-product","jyut6ping3_mobile","key_sequence_process_with_context","hai","17","3","70836.100","23612.033","778993664","778993664","unavailable","928235520"
"yune","track-b-product","jyut6ping3_mobile","key_sequence_process_with_context","hai","18","3","63989.400","21329.800","778993664","778993664","unavailable","928235520"
"yune","track-b-product","jyut6ping3_mobile","key_sequence_process_with_context","hai","19","3","66112.000","22037.333","778993664","778993664","unavailable","928235520"
"yune","track-b-product","jyut6ping3_mobile","key_sequence_process_with_context","ngohaig","0","7","34982.600","4997.514","779010048","779010048","unavailable","928235520"
"yune","track-b-product","jyut6ping3_mobile","key_sequence_process_with_context","ngohaig","1","7","38321.900","5474.557","779010048","779010048","unavailable","928235520"
"yune","track-b-product","jyut6ping3_mobile","key_sequence_process_with_context","ngohaig","2","7","37015.300","5287.900","779010048","779010048","unavailable","928235520"
"yune","track-b-product","jyut6ping3_mobile","key_sequence_process_with_context","ngohaig","3","7","33557.900","4793.986","779010048","779010048","unavailable","928235520"
"yune","track-b-product","jyut6ping3_mobile","key_sequence_process_with_context","ngohaig","4","7","33300.800","4757.257","779010048","779010048","unavailable","928235520"
"yune","track-b-product","jyut6ping3_mobile","key_sequence_process_with_context","ngohaig","5","7","38641.900","5520.271","779010048","779010048","unavailable","928235520"
"yune","track-b-product","jyut6ping3_mobile","key_sequence_process_with_context","ngohaig","6","7","40562.700","5794.671","779010048","779010048","unavailable","928235520"
"yune","track-b-product","jyut6ping3_mobile","key_sequence_process_with_context","ngohaig","7","7","37135.900","5305.129","779010048","779010048","unavailable","928235520"
"yune","track-b-product","jyut6ping3_mobile","key_sequence_process_with_context","ngohaig","8","7","38591.500","5513.071","779010048","779010048","unavailable","928235520"
"yune","track-b-product","jyut6ping3_mobile","key_sequence_process_with_context","ngohaig","9","7","34052.900","4864.700","779010048","779010048","unavailable","928235520"
"yune","track-b-product","jyut6ping3_mobile","key_sequence_process_with_context","ngohaig","10","7","31976.300","4568.043","779010048","779010048","unavailable","928235520"
"yune","track-b-product","jyut6ping3_mobile","key_sequence_process_with_context","ngohaig","11","7","33968.000","4852.571","779010048","779010048","unavailable","928235520"
"yune","track-b-product","jyut6ping3_mobile","key_sequence_process_with_context","ngohaig","12","7","36513.800","5216.257","779010048","779010048","unavailable","928235520"
"yune","track-b-product","jyut6ping3_mobile","key_sequence_process_with_context","ngohaig","13","7","36525.600","5217.943","779010048","779010048","unavailable","928235520"
"yune","track-b-product","jyut6ping3_mobile","key_sequence_process_with_context","ngohaig","14","7","35173.600","5024.800","779010048","779010048","unavailable","928235520"
"yune","track-b-product","jyut6ping3_mobile","key_sequence_process_with_context","ngohaig","15","7","33650.300","4807.186","779010048","779010048","unavailable","928235520"
"yune","track-b-product","jyut6ping3_mobile","key_sequence_process_with_context","ngohaig","16","7","33819.700","4831.386","779010048","779010048","unavailable","928235520"
"yune","track-b-product","jyut6ping3_mobile","key_sequence_process_with_context","ngohaig","17","7","35945.000","5135.000","779010048","779010048","unavailable","928235520"
"yune","track-b-product","jyut6ping3_mobile","key_sequence_process_with_context","ngohaig","18","7","33496.800","4785.257","779010048","779010048","unavailable","928235520"
"yune","track-b-product","jyut6ping3_mobile","key_sequence_process_with_context","ngohaig","19","7","34046.700","4863.814","779010048","779010048","unavailable","928235520"
"yune","track-b-product","jyut6ping3_mobile","key_sequence_process_with_context","jigaajiusihaa","0","13","100816.700","7755.131","779010048","779010048","unavailable","928235520"
"yune","track-b-product","jyut6ping3_mobile","key_sequence_process_with_context","jigaajiusihaa","1","13","101465.300","7805.023","779010048","779010048","unavailable","928235520"
"yune","track-b-product","jyut6ping3_mobile","key_sequence_process_with_context","jigaajiusihaa","2","13","97334.600","7487.277","779010048","779010048","unavailable","928235520"
"yune","track-b-product","jyut6ping3_mobile","key_sequence_process_with_context","jigaajiusihaa","3","13","106241.600","8172.431","779010048","779010048","unavailable","928235520"
"yune","track-b-product","jyut6ping3_mobile","key_sequence_process_with_context","jigaajiusihaa","4","13","102761.700","7904.746","779010048","779010048","unavailable","928235520"
"yune","track-b-product","jyut6ping3_mobile","key_sequence_process_with_context","jigaajiusihaa","5","13","101999.200","7846.092","779010048","779010048","unavailable","928235520"
"yune","track-b-product","jyut6ping3_mobile","key_sequence_process_with_context","jigaajiusihaa","6","13","105159.300","8089.177","779010048","779010048","unavailable","928235520"
"yune","track-b-product","jyut6ping3_mobile","key_sequence_process_with_context","jigaajiusihaa","7","13","99851.300","7680.869","779010048","779010048","unavailable","928235520"
"yune","track-b-product","jyut6ping3_mobile","key_sequence_process_with_context","jigaajiusihaa","8","13","100119.600","7701.508","779010048","779010048","unavailable","928235520"
"yune","track-b-product","jyut6ping3_mobile","key_sequence_process_with_context","jigaajiusihaa","9","13","106935.900","8225.838","779010048","779010048","unavailable","928235520"
"yune","track-b-product","jyut6ping3_mobile","key_sequence_process_with_context","jigaajiusihaa","10","13","100227.600","7709.815","779010048","779010048","unavailable","928235520"
"yune","track-b-product","jyut6ping3_mobile","key_sequence_process_with_context","jigaajiusihaa","11","13","100048.400","7696.031","779010048","779010048","unavailable","928235520"
"yune","track-b-product","jyut6ping3_mobile","key_sequence_process_with_context","jigaajiusihaa","12","13","110827.100","8525.162","779010048","779010048","unavailable","928235520"
"yune","track-b-product","jyut6ping3_mobile","key_sequence_process_with_context","jigaajiusihaa","13","13","109478.900","8421.454","779010048","779010048","unavailable","928235520"
"yune","track-b-product","jyut6ping3_mobile","key_sequence_process_with_context","jigaajiusihaa","14","13","106040.900","8156.992","779010048","779010048","unavailable","928235520"
"yune","track-b-product","jyut6ping3_mobile","key_sequence_process_with_context","jigaajiusihaa","15","13","102628.200","7894.477","779010048","779010048","unavailable","928235520"
"yune","track-b-product","jyut6ping3_mobile","key_sequence_process_with_context","jigaajiusihaa","16","13","104734.700","8056.515","779010048","779010048","unavailable","928235520"
"yune","track-b-product","jyut6ping3_mobile","key_sequence_process_with_context","jigaajiusihaa","17","13","99936.800","7687.446","779010048","779010048","unavailable","928235520"
"yune","track-b-product","jyut6ping3_mobile","key_sequence_process_with_context","jigaajiusihaa","18","13","101277.200","7790.554","779010048","779010048","unavailable","928235520"
"yune","track-b-product","jyut6ping3_mobile","key_sequence_process_with_context","jigaajiusihaa","19","13","100533.000","7733.308","779010048","779010048","unavailable","928235520"
"yune","track-b-product","jyut6ping3_mobile","key_sequence_process_with_context","loengjathau","0","11","64964.700","5905.882","779010048","779010048","unavailable","928235520"
"yune","track-b-product","jyut6ping3_mobile","key_sequence_process_with_context","loengjathau","1","11","56250.700","5113.700","779010048","779010048","unavailable","928235520"
"yune","track-b-product","jyut6ping3_mobile","key_sequence_process_with_context","loengjathau","2","11","68198.100","6199.827","779010048","779010048","unavailable","928235520"
"yune","track-b-product","jyut6ping3_mobile","key_sequence_process_with_context","loengjathau","3","11","61676.200","5606.927","779010048","779010048","unavailable","928235520"
"yune","track-b-product","jyut6ping3_mobile","key_sequence_process_with_context","loengjathau","4","11","61135.100","5557.736","779010048","779010048","unavailable","928235520"
"yune","track-b-product","jyut6ping3_mobile","key_sequence_process_with_context","loengjathau","5","11","57393.400","5217.582","779010048","779010048","unavailable","928235520"
"yune","track-b-product","jyut6ping3_mobile","key_sequence_process_with_context","loengjathau","6","11","57368.900","5215.355","779010048","779010048","unavailable","928235520"
"yune","track-b-product","jyut6ping3_mobile","key_sequence_process_with_context","loengjathau","7","11","58320.100","5301.827","779010048","779010048","unavailable","928235520"
"yune","track-b-product","jyut6ping3_mobile","key_sequence_process_with_context","loengjathau","8","11","59040.100","5367.282","779010048","779014144","unavailable","928235520"
"yune","track-b-product","jyut6ping3_mobile","key_sequence_process_with_context","loengjathau","9","11","56818.900","5165.355","779014144","779014144","unavailable","928235520"
"yune","track-b-product","jyut6ping3_mobile","key_sequence_process_with_context","loengjathau","10","11","57185.200","5198.655","779014144","779014144","unavailable","928235520"
"yune","track-b-product","jyut6ping3_mobile","key_sequence_process_with_context","loengjathau","11","11","60575.500","5506.864","779014144","779014144","unavailable","928235520"
"yune","track-b-product","jyut6ping3_mobile","key_sequence_process_with_context","loengjathau","12","11","62131.600","5648.327","779014144","779014144","unavailable","928235520"
"yune","track-b-product","jyut6ping3_mobile","key_sequence_process_with_context","loengjathau","13","11","55975.100","5088.645","779014144","779018240","unavailable","928235520"
"yune","track-b-product","jyut6ping3_mobile","key_sequence_process_with_context","loengjathau","14","11","60548.500","5504.409","779018240","779018240","unavailable","928235520"
"yune","track-b-product","jyut6ping3_mobile","key_sequence_process_with_context","loengjathau","15","11","62843.100","5713.009","779018240","779018240","unavailable","928235520"
"yune","track-b-product","jyut6ping3_mobile","key_sequence_process_with_context","loengjathau","16","11","61047.600","5549.782","779018240","779018240","unavailable","928235520"
"yune","track-b-product","jyut6ping3_mobile","key_sequence_process_with_context","loengjathau","17","11","58394.200","5308.564","779018240","779018240","unavailable","928235520"
"yune","track-b-product","jyut6ping3_mobile","key_sequence_process_with_context","loengjathau","18","11","57383.900","5216.718","779018240","779018240","unavailable","928235520"
"yune","track-b-product","jyut6ping3_mobile","key_sequence_process_with_context","loengjathau","19","11","56672.200","5152.018","779018240","779018240","unavailable","928235520"
