"engine","track","schema_id","workload","input","sample_index","operation_count","process_key_calls","process_key_ns","translator_calls","translator_ns","lookup_views_visited","owned_candidates_materialized","candidates_sorted","candidate_sort_ns","userdb_merge_ns","filter_pipeline_ns","ranker_pipeline_ns","ai_merge_ns","candidates_stored","context_full_snapshot_candidates_cloned","context_page_snapshot_candidates_cloned","abi_get_context_calls","abi_get_context_ns","abi_candidates_exported","abi_free_context_calls","abi_free_context_ns"
"yune","track-a-comparison","luna_pinyin","key_sequence_process_with_context","ni","0","2","2","4431900","6","2859600","9004","5260","2333","32500","600","127000","100","33200","2333","0","5","1","1343600","5","1","200"
"yune","track-a-comparison","luna_pinyin","key_sequence_process_with_context","ni","1","2","2","4498600","6","2866000","9004","5260","2333","32700","500","121600","0","32300","2333","0","5","1","1336900","5","1","200"
"yune","track-a-comparison","luna_pinyin","key_sequence_process_with_context","ni","2","2","2","4387600","6","2816800","9004","5260","2333","32600","600","118600","100","33700","2333","0","5","1","1337500","5","1","200"
"yune","track-a-comparison","luna_pinyin","key_sequence_process_with_context","ni","3","2","2","4415500","6","2840200","9004","5260","2333","32900","800","125600","0","32100","2333","0","5","1","1344700","5","1","200"
"yune","track-a-comparison","luna_pinyin","key_sequence_process_with_context","ni","4","2","2","4392400","6","2824700","9004","5260","2333","32600","500","124400","0","33700","2333","0","5","1","1345600","5","1","200"
"yune","track-a-comparison","luna_pinyin","key_sequence_process_with_context","ni","5","2","2","4446800","6","2845200","9004","5260","2333","32500","400","123600","100","35500","2333","0","5","1","1353400","5","1","200"
"yune","track-a-comparison","luna_pinyin","key_sequence_process_with_context","ni","6","2","2","4401200","6","2827000","9004","5260","2333","32300","700","126700","0","33300","2333","0","5","1","1351500","5","1","200"
"yune","track-a-comparison","luna_pinyin","key_sequence_process_with_context","ni","7","2","2","4421200","6","2851700","9004","5260","2333","31500","500","123400","100","31500","2333","0","5","1","1332700","5","1","200"
"yune","track-a-comparison","luna_pinyin","key_sequence_process_with_context","ni","8","2","2","4425700","6","2833800","9004","5260","2333","31600","600","124900","100","33900","2333","0","5","1","1377300","5","1","200"
"yune","track-a-comparison","luna_pinyin","key_sequence_process_with_context","ni","9","2","2","4405000","6","2836200","9004","5260","2333","32300","500","124600","100","36100","2333","0","5","1","1342100","5","1","200"
"yune","track-a-comparison","luna_pinyin","key_sequence_process_with_context","ni","10","2","2","4411500","6","2845800","9004","5260","2333","31700","600","120300","0","32800","2333","0","5","1","1353100","5","1","200"
"yune","track-a-comparison","luna_pinyin","key_sequence_process_with_context","ni","11","2","2","4416200","6","2840400","9004","5260","2333","31600","500","122600","0","37600","2333","0","5","1","1348900","5","1","200"
"yune","track-a-comparison","luna_pinyin","key_sequence_process_with_context","ni","12","2","2","4406800","6","2839800","9004","5260","2333","31500","500","125900","0","31500","2333","0","5","1","1353400","5","1","200"
"yune","track-a-comparison","luna_pinyin","key_sequence_process_with_context","ni","13","2","2","4417400","6","2850700","9004","5260","2333","31600","600","125800","0","31400","2333","0","5","1","1351800","5","1","200"
"yune","track-a-comparison","luna_pinyin","key_sequence_process_with_context","ni","14","2","2","4405900","6","2839400","9004","5260","2333","31700","600","122600","0","32000","2333","0","5","1","1339400","5","1","200"
"yune","track-a-comparison","luna_pinyin","key_sequence_process_with_context","ni","15","2","2","4419400","6","2841500","9004","5260","2333","31800","500","128300","0","31600","2333","0","5","1","1350300","5","1","200"
"yune","track-a-comparison","luna_pinyin","key_sequence_process_with_context","ni","16","2","2","4513900","6","2887800","9004","5260","2333","33300","1100","123700","0","33900","2333","0","5","1","1355200","5","1","300"
"yune","track-a-comparison","luna_pinyin","key_sequence_process_with_context","ni","17","2","2","4428800","6","2853600","9004","5260","2333","32000","700","125200","100","32800","2333","0","5","1","1351200","5","1","200"
"yune","track-a-comparison","luna_pinyin","key_sequence_process_with_context","ni","18","2","2","4438200","6","2862300","9004","5260","2333","31900","500","121000","100","33400","2333","0","5","1","1363300","5","1","200"
"yune","track-a-comparison","luna_pinyin","key_sequence_process_with_context","ni","19","2","2","4479500","6","2898500","9004","5260","2333","31700","600","124700","0","32500","2333","0","5","1","1346900","5","1","200"
"yune","track-a-comparison","luna_pinyin","key_sequence_process_with_context","ni","20","2","2","4567500","6","2878300","9004","5260","2333","31800","700","120300","0","34000","2333","0","5","1","1376000","5","1","200"
"yune","track-a-comparison","luna_pinyin","key_sequence_process_with_context","ni","21","2","2","4491900","6","2925900","9004","5260","2333","31700","500","124200","0","32100","2333","0","5","1","1348500","5","1","200"
"yune","track-a-comparison","luna_pinyin","key_sequence_process_with_context","ni","22","2","2","4425100","6","2845900","9004","5260","2333","31200","600","121500","0","34100","2333","0","5","1","1341800","5","1","100"
"yune","track-a-comparison","luna_pinyin","key_sequence_process_with_context","ni","23","2","2","4609900","6","2980000","9004","5260","2333","32800","1200","129000","100","34000","2333","0","5","1","1345500","5","1","300"
"yune","track-a-comparison","luna_pinyin","key_sequence_process_with_context","ni","24","2","2","4415900","6","2839300","9004","5260","2333","32100","700","125100","100","33300","2333","0","5","1","1355200","5","1","200"
"yune","track-a-comparison","luna_pinyin","key_sequence_process_with_context","ni","25","2","2","4427200","6","2842600","9004","5260","2333","31900","500","125000","0","51300","2333","0","5","1","1354100","5","1","200"
"yune","track-a-comparison","luna_pinyin","key_sequence_process_with_context","ni","26","2","2","4429100","6","2852200","9004","5260","2333","31900","600","124500","0","33500","2333","0","5","1","1351600","5","1","300"
"yune","track-a-comparison","luna_pinyin","key_sequence_process_with_context","ni","27","2","2","4415700","6","2846300","9004","5260","2333","31500","500","122500","0","33000","2333","0","5","1","1356400","5","1","200"
"yune","track-a-comparison","luna_pinyin","key_sequence_process_with_context","ni","28","2","2","4410900","6","2838400","9004","5260","2333","31600","400","124900","100","32300","2333","0","5","1","1391800","5","1","400"
"yune","track-a-comparison","luna_pinyin","key_sequence_process_with_context","ni","29","2","2","4535700","6","2900100","9004","5260","2333","32900","1000","126100","0","33000","2333","0","5","1","1372400","5","1","300"
"yune","track-a-comparison","luna_pinyin","key_sequence_process_with_context","ni","30","2","2","4464600","6","2875200","9004","5260","2333","36800","700","129900","0","33900","2333","0","5","1","1377700","5","1","200"
"yune","track-a-comparison","luna_pinyin","key_sequence_process_with_context","ni","31","2","2","4450100","6","2855200","9004","5260","2333","31900","700","129700","0","33000","2333","0","5","1","1348700","5","1","100"
"yune","track-a-comparison","luna_pinyin","key_sequence_process_with_context","ni","32","2","2","4434300","6","2863900","9004","5260","2333","31700","500","128800","100","33000","2333","0","5","1","1357400","5","1","200"
"yune","track-a-comparison","luna_pinyin","key_sequence_process_with_context","ni","33","2","2","4442400","6","2853900","9004","5260","2333","34700","500","125500","100","32500","2333","0","5","1","1355300","5","1","200"
"yune","track-a-comparison","luna_pinyin","key_sequence_process_with_context","ni","34","2","2","4592700","6","3012000","9004","5260","2333","31500","500","126400","0","33100","2333","0","5","1","1356300","5","1","200"
"yune","track-a-comparison","luna_pinyin","key_sequence_process_with_context","ni","35","2","2","4431800","6","2862000","9004","5260","2333","31500","600","123600","0","33000","2333","0","5","1","1352000","5","1","200"
"yune","track-a-comparison","luna_pinyin","key_sequence_process_with_context","ni","36","2","2","4445300","6","2872200","9004","5260","2333","31600","500","126300","100","33700","2333","0","5","1","1361600","5","1","200"
"yune","track-a-comparison","luna_pinyin","key_sequence_process_with_context","ni","37","2","2","4457800","6","2883200","9004","5260","2333","31500","600","126300","100","32800","2333","0","5","1","1351000","5","1","200"
"yune","track-a-comparison","luna_pinyin","key_sequence_process_with_context","ni","38","2","2","4435500","6","2854100","9004","5260","2333","31800","700","121900","0","35200","2333","0","5","1","1353400","5","1","200"
"yune","track-a-comparison","luna_pinyin","key_sequence_process_with_context","ni","39","2","2","4427200","6","2848400","9004","5260","2333","31400","400","126200","100","34800","2333","0","5","1","1347900","5","1","200"
"yune","track-a-comparison","luna_pinyin","key_sequence_process_with_context","ni","40","2","2","4441200","6","2866600","9004","5260","2333","31500","600","125500","100","34100","2333","0","5","1","1362600","5","1","200"
"yune","track-a-comparison","luna_pinyin","key_sequence_process_with_context","ni","41","2","2","4457100","6","2884500","9004","5260","2333","31800","600","124100","100","33000","2333","0","5","1","1356600","5","1","200"
"yune","track-a-comparison","luna_pinyin","key_sequence_process_with_context","ni","42","2","2","4477000","6","2894700","9004","5260","2333","31600","500","126100","0","33800","2333","0","5","1","1354000","5","1","200"
"yune","track-a-comparison","luna_pinyin","key_sequence_process_with_context","ni","43","2","2","4452100","6","2885000","9004","5260","2333","31700","600","124400","0","32700","2333","0","5","1","1353700","5","1","200"
"yune","track-a-comparison","luna_pinyin","key_sequence_process_with_context","ni","44","2","2","4436000","6","2862800","9004","5260","2333","31900","600","126400","0","38000","2333","0","5","1","1366100","5","1","200"
"yune","track-a-comparison","luna_pinyin","key_sequence_process_with_context","ni","45","2","2","4417200","6","2844800","9004","5260","2333","31800","400","123700","200","33000","2333","0","5","1","1364800","5","1","200"
"yune","track-a-comparison","luna_pinyin","key_sequence_process_with_context","ni","46","2","2","4446400","6","2871500","9004","5260","2333","31800","400","125300","0","33400","2333","0","5","1","1355400","5","1","200"
"yune","track-a-comparison","luna_pinyin","key_sequence_process_with_context","ni","47","2","2","4465600","6","2873400","9004","5260","2333","31500","600","120400","0","34000","2333","0","5","1","1359000","5","1","200"
"yune","track-a-comparison","luna_pinyin","key_sequence_process_with_context","ni","48","2","2","4488400","6","2888800","9004","5260","2333","31600","600","125300","100","34000","2333","0","5","1","1367700","5","1","200"
"yune","track-a-comparison","luna_pinyin","key_sequence_process_with_context","ni","49","2","2","4498500","6","2899300","9004","5260","2333","34300","700","128900","100","32700","2333","0","5","1","1375300","5","1","200"
"yune","track-a-comparison","luna_pinyin","key_sequence_process_with_context","hao","0","3","3","10307300","9","7063000","18870","11240","4852","76500","1300","261800","0","95800","4852","0","5","1","1353100","5","1","200"
"yune","track-a-comparison","luna_pinyin","key_sequence_process_with_context","hao","1","3","3","10275700","9","7037700","18870","11240","4852","76500","1500","265700","0","94300","4852","0","5","1","1338400","5","1","300"
"yune","track-a-comparison","luna_pinyin","key_sequence_process_with_context","hao","2","3","3","10298300","9","7062300","18870","11240","4852","76500","1600","261000","100","95200","4852","0","5","1","1348700","5","1","200"
"yune","track-a-comparison","luna_pinyin","key_sequence_process_with_context","hao","3","3","3","10260300","9","7028200","18870","11240","4852","76800","1200","267000","0","98400","4852","0","5","1","1338700","5","1","200"
"yune","track-a-comparison","luna_pinyin","key_sequence_process_with_context","hao","4","3","3","10033300","9","6819700","18870","11240","4852","76700","1200","260600","0","93500","4852","0","5","1","1351000","5","1","200"
"yune","track-a-comparison","luna_pinyin","key_sequence_process_with_context","hao","5","3","3","9889800","9","6673100","18870","11240","4852","76400","1200","260500","100","91900","4852","0","5","1","1341300","5","1","200"
"yune","track-a-comparison","luna_pinyin","key_sequence_process_with_context","hao","6","3","3","9991300","9","6750500","18870","11240","4852","76600","1600","260900","100","94000","4852","0","5","1","1375300","5","1","200"
"yune","track-a-comparison","luna_pinyin","key_sequence_process_with_context","hao","7","3","3","10201100","9","6931100","18870","11240","4852","76800","1700","269800","100","93400","4852","0","5","1","1355600","5","1","200"
"yune","track-a-comparison","luna_pinyin","key_sequence_process_with_context","hao","8","3","3","10288100","9","7054600","18870","11240","4852","75800","1500","263500","0","98500","4852","0","5","1","1377700","5","1","200"
"yune","track-a-comparison","luna_pinyin","key_sequence_process_with_context","hao","9","3","3","10682700","9","7415600","18870","11240","4852","76800","2000","273200","200","97500","4852","0","5","1","1367500","5","1","300"
"yune","track-a-comparison","luna_pinyin","key_sequence_process_with_context","hao","10","3","3","10426800","9","7126200","18870","11240","4852","80900","2000","267800","0","94000","4852","0","5","1","1350300","5","1","300"
"yune","track-a-comparison","luna_pinyin","key_sequence_process_with_context","hao","11","3","3","10521700","9","7276300","18870","11240","4852","77400","1900","263000","100","92000","4852","0","5","1","1357100","5","1","200"
"yune","track-a-comparison","luna_pinyin","key_sequence_process_with_context","hao","12","3","3","10485400","9","7140400","18870","11240","4852","84600","2000","274500","200","96800","4852","0","5","1","1349000","5","1","300"
"yune","track-a-comparison","luna_pinyin","key_sequence_process_with_context","hao","13","3","3","10577700","9","7264200","18870","11240","4852","77700","2000","269000","100","98600","4852","0","5","1","1358000","5","1","300"
"yune","track-a-comparison","luna_pinyin","key_sequence_process_with_context","hao","14","3","3","10817000","9","7513100","18870","11240","4852","77500","1600","268500","0","103600","4852","0","5","1","1354200","5","1","200"
"yune","track-a-comparison","luna_pinyin","key_sequence_process_with_context","hao","15","3","3","10509200","9","7242300","18870","11240","4852","77600","1400","263500","0","105600","4852","0","5","1","1352900","5","1","300"
"yune","track-a-comparison","luna_pinyin","key_sequence_process_with_context","hao","16","3","3","10455000","9","7185900","18870","11240","4852","76900","1600","267000","200","99200","4852","0","5","1","1349900","5","1","300"
"yune","track-a-comparison","luna_pinyin","key_sequence_process_with_context","hao","17","3","3","10435700","9","7167300","18870","11240","4852","76800","1400","271100","100","96300","4852","0","5","1","1358500","5","1","200"
"yune","track-a-comparison","luna_pinyin","key_sequence_process_with_context","hao","18","3","3","13307300","9","10029700","18870","11240","4852","77600","1700","271200","0","97500","4852","0","5","1","1360700","5","1","300"
"yune","track-a-comparison","luna_pinyin","key_sequence_process_with_context","hao","19","3","3","10377900","9","7128700","18870","11240","4852","76500","1700","264600","100","93400","4852","0","5","1","1391500","5","1","300"
"yune","track-a-comparison","luna_pinyin","key_sequence_process_with_context","hao","20","3","3","10235700","9","6968400","18870","11240","4852","76800","1400","275600","100","94400","4852","0","5","1","1362700","5","1","200"
"yune","track-a-comparison","luna_pinyin","key_sequence_process_with_context","hao","21","3","3","10202300","9","6950500","18870","11240","4852","76300","1600","265000","200","95600","4852","0","5","1","1358200","5","1","300"
"yune","track-a-comparison","luna_pinyin","key_sequence_process_with_context","hao","22","3","3","10167700","9","6920500","18870","11240","4852","76300","1300","266000","0","101200","4852","0","5","1","1383900","5","1","200"
"yune","track-a-comparison","luna_pinyin","key_sequence_process_with_context","hao","23","3","3","10291600","9","7048900","18870","11240","4852","76800","1300","267000","0","95600","4852","0","5","1","1343800","5","1","300"
"yune","track-a-comparison","luna_pinyin","key_sequence_process_with_context","hao","24","3","3","10196600","9","6970700","18870","11240","4852","76300","1200","264600","100","96600","4852","0","5","1","1341000","5","1","300"
"yune","track-a-comparison","luna_pinyin","key_sequence_process_with_context","hao","25","3","3","9918000","9","6717200","18870","11240","4852","76100","1100","261200","100","94300","4852","0","5","1","1347400","5","1","300"
"yune","track-a-comparison","luna_pinyin","key_sequence_process_with_context","hao","26","3","3","9949400","9","6701800","18870","11240","4852","76300","1100","268400","100","96200","4852","0","5","1","1339700","5","1","300"
"yune","track-a-comparison","luna_pinyin","key_sequence_process_with_context","hao","27","3","3","9977500","9","6735000","18870","11240","4852","78400","1000","261800","0","92600","4852","0","5","1","1337300","5","1","200"
"yune","track-a-comparison","luna_pinyin","key_sequence_process_with_context","hao","28","3","3","9807900","9","6585400","18870","11240","4852","76000","1100","266700","100","98700","4852","0","5","1","1342100","5","1","400"
"yune","track-a-comparison","luna_pinyin","key_sequence_process_with_context","hao","29","3","3","9821600","9","6570500","18870","11240","4852","76000","1000","264800","100","94000","4852","0","5","1","1351100","5","1","400"
"yune","track-a-comparison","luna_pinyin","key_sequence_process_with_context","hao","30","3","3","9779300","9","6549200","18870","11240","4852","76500","900","264600","0","97900","4852","0","5","1","1351500","5","1","300"
"yune","track-a-comparison","luna_pinyin","key_sequence_process_with_context","hao","31","3","3","11614900","9","7538000","18870","11240","4852","83800","3100","372900","0","214300","4852","0","5","1","1430400","5","1","300"
"yune","track-a-comparison","luna_pinyin","key_sequence_process_with_context","hao","32","3","3","10942000","9","7552500","18870","11240","4852","80600","1400","278500","100","100200","4852","0","5","1","1409400","5","1","200"
"yune","track-a-comparison","luna_pinyin","key_sequence_process_with_context","hao","33","3","3","10095600","9","6770300","18870","11240","4852","80200","1000","272200","100","98600","4852","0","5","1","1380800","5","1","200"
"yune","track-a-comparison","luna_pinyin","key_sequence_process_with_context","hao","34","3","3","9941100","9","6636700","18870","11240","4852","80000","1200","273600","100","102200","4852","0","5","1","1387400","5","1","200"
"yune","track-a-comparison","luna_pinyin","key_sequence_process_with_context","hao","35","3","3","9961700","9","6650200","18870","11240","4852","79500","1100","274600","0","98700","4852","0","5","1","1378500","5","1","200"
"yune","track-a-comparison","luna_pinyin","key_sequence_process_with_context","hao","36","3","3","9957400","9","6662000","18870","11240","4852","80200","1200","272200","0","97900","4852","0","5","1","1403700","5","1","200"
"yune","track-a-comparison","luna_pinyin","key_sequence_process_with_context","hao","37","3","3","9933600","9","6613900","18870","11240","4852","79900","1200","293600","100","100800","4852","0","5","1","1390900","5","1","200"
"yune","track-a-comparison","luna_pinyin","key_sequence_process_with_context","hao","38","3","3","9924700","9","6621700","18870","11240","4852","80200","1300","272000","100","99700","4852","0","5","1","1382100","5","1","300"
"yune","track-a-comparison","luna_pinyin","key_sequence_process_with_context","hao","39","3","3","9976900","9","6679400","18870","11240","4852","80100","1100","271900","200","98900","4852","0","5","1","1386500","5","1","200"
"yune","track-a-comparison","luna_pinyin","key_sequence_process_with_context","hao","40","3","3","9904000","9","6612200","18870","11240","4852","80100","1100","272900","0","99400","4852","0","5","1","1377500","5","1","200"
"yune","track-a-comparison","luna_pinyin","key_sequence_process_with_context","hao","41","3","3","9945200","9","6633600","18870","11240","4852","80000","1200","275400","100","102200","4852","0","5","1","1383000","5","1","200"
"yune","track-a-comparison","luna_pinyin","key_sequence_process_with_context","hao","42","3","3","9946700","9","6642600","18870","11240","4852","79900","1100","272700","0","98500","4852","0","5","1","1383800","5","1","200"
"yune","track-a-comparison","luna_pinyin","key_sequence_process_with_context","hao","43","3","3","10018200","9","6684700","18870","11240","4852","80100","1300","276500","0","104400","4852","0","5","1","1380400","5","1","300"
"yune","track-a-comparison","luna_pinyin","key_sequence_process_with_context","hao","44","3","3","9963800","9","6674100","18870","11240","4852","79500","1200","273700","0","98700","4852","0","5","1","1387100","5","1","200"
"yune","track-a-comparison","luna_pinyin","key_sequence_process_with_context","hao","45","3","3","9977800","9","6691100","18870","11240","4852","79700","1200","269100","0","99300","4852","0","5","1","1388700","5","1","200"
"yune","track-a-comparison","luna_pinyin","key_sequence_process_with_context","hao","46","3","3","9987000","9","6660700","18870","11240","4852","79600","1000","275800","200","104500","4852","0","5","1","1375200","5","1","200"
"yune","track-a-comparison","luna_pinyin","key_sequence_process_with_context","hao","47","3","3","9959000","9","6651700","18870","11240","4852","79900","1000","272900","100","99000","4852","0","5","1","1387400","5","1","200"
"yune","track-a-comparison","luna_pinyin","key_sequence_process_with_context","hao","48","3","3","9953900","9","6655600","18870","11240","4852","79700","1200","274500","100","99200","4852","0","5","1","1374400","5","1","300"
"yune","track-a-comparison","luna_pinyin","key_sequence_process_with_context","hao","49","3","3","10007100","9","6675800","18870","11240","4852","79700","1300","271600","200","97900","4852","0","5","1","1387500","5","1","300"
"yune","track-a-comparison","luna_pinyin","key_sequence_process_with_context","zhongguo","0","8","8","31611100","24","20554200","52945","31611","11037","193300","2900","682300","300","240000","11037","0","4","1","1383800","4","1","300"
"yune","track-a-comparison","luna_pinyin","key_sequence_process_with_context","zhongguo","1","8","8","31630200","24","20469700","52945","31611","11037","192900","2900","687400","200","246200","11037","0","4","1","1401200","4","1","400"
"yune","track-a-comparison","luna_pinyin","key_sequence_process_with_context","zhongguo","2","8","8","31425100","24","20327900","52945","31611","11037","193300","3200","683000","400","243600","11037","0","4","1","1367000","4","1","300"
"yune","track-a-comparison","luna_pinyin","key_sequence_process_with_context","zhongguo","3","8","8","31257900","24","20254200","52945","31611","11037","193100","3100","684300","300","242400","11037","0","4","1","1390400","4","1","300"
"yune","track-a-comparison","luna_pinyin","key_sequence_process_with_context","zhongguo","4","8","8","30937800","24","19986700","52945","31611","11037","193300","3200","677800","500","240200","11037","0","4","1","1361700","4","1","400"
"yune","track-a-comparison","luna_pinyin","key_sequence_process_with_context","zhongguo","5","8","8","31040000","24","20097000","52945","31611","11037","192600","3100","692900","200","236100","11037","0","4","1","1367100","4","1","300"
"yune","track-a-comparison","luna_pinyin","key_sequence_process_with_context","zhongguo","6","8","8","31015100","24","20028400","52945","31611","11037","192800","3100","681200","300","245000","11037","0","4","1","1373500","4","1","200"
"yune","track-a-comparison","luna_pinyin","key_sequence_process_with_context","zhongguo","7","8","8","30920500","24","19970600","52945","31611","11037","196000","2900","680700","200","244100","11037","0","4","1","1357400","4","1","300"
"yune","track-a-comparison","luna_pinyin","key_sequence_process_with_context","zhongguo","8","8","8","31027500","24","20073100","52945","31611","11037","192200","2600","686500","300","236600","11037","0","4","1","1372200","4","1","300"
"yune","track-a-comparison","luna_pinyin","key_sequence_process_with_context","zhongguo","9","8","8","31052400","24","20115200","52945","31611","11037","192700","2900","680000","300","239200","11037","0","4","1","1368500","4","1","200"
"yune","track-a-comparison","luna_pinyin","key_sequence_process_with_context","zhongguo","10","8","8","31309500","24","20318600","52945","31611","11037","192600","3100","685300","200","238300","11037","0","4","1","1374500","4","1","300"
"yune","track-a-comparison","luna_pinyin","key_sequence_process_with_context","zhongguo","11","8","8","30939100","24","19949100","52945","31611","11037","193000","3100","683000","200","237400","11037","0","4","1","1365300","4","1","300"
"yune","track-a-comparison","luna_pinyin","key_sequence_process_with_context","zhongguo","12","8","8","30890400","24","19934200","52945","31611","11037","192800","2700","683500","200","249100","11037","0","4","1","1387600","4","1","300"
"yune","track-a-comparison","luna_pinyin","key_sequence_process_with_context","zhongguo","13","8","8","30957200","24","19995800","52945","31611","11037","192700","2900","687800","300","244100","11037","0","4","1","1372700","4","1","300"
"yune","track-a-comparison","luna_pinyin","key_sequence_process_with_context","zhongguo","14","8","8","30975700","24","20061800","52945","31611","11037","193100","2800","683600","200","239400","11037","0","4","1","1360900","4","1","300"
"yune","track-a-comparison","luna_pinyin","key_sequence_process_with_context","zhongguo","15","8","8","30927800","24","20004100","52945","31611","11037","192300","3100","679100","300","235200","11037","0","4","1","1372400","4","1","200"
"yune","track-a-comparison","luna_pinyin","key_sequence_process_with_context","zhongguo","16","8","8","31251400","24","20303600","52945","31611","11037","192600","2800","677600","300","244000","11037","0","4","1","1384000","4","1","300"
"yune","track-a-comparison","luna_pinyin","key_sequence_process_with_context","zhongguo","17","8","8","31067500","24","20079600","52945","31611","11037","196000","3100","670400","100","239200","11037","0","4","1","1383000","4","1","200"
"yune","track-a-comparison","luna_pinyin","key_sequence_process_with_context","zhongguo","18","8","8","31126700","24","20100800","52945","31611","11037","192800","3000","686100","100","243100","11037","0","4","1","1382800","4","1","300"
"yune","track-a-comparison","luna_pinyin","key_sequence_process_with_context","zhongguo","19","8","8","31135500","24","20085400","52945","31611","11037","193600","2800","685700","100","240100","11037","0","4","1","1380900","4","1","300"
"yune","track-a-comparison","luna_pinyin","key_sequence_process_with_context","zhongguo","20","8","8","31213500","24","20149200","52945","31611","11037","193300","2800","685900","200","239100","11037","0","4","1","1371900","4","1","300"
"yune","track-a-comparison","luna_pinyin","key_sequence_process_with_context","zhongguo","21","8","8","31126500","24","20041600","52945","31611","11037","192500","2700","678600","500","241700","11037","0","4","1","1397400","4","1","300"
"yune","track-a-comparison","luna_pinyin","key_sequence_process_with_context","zhongguo","22","8","8","31342000","24","20269400","52945","31611","11037","195000","3000","684900","300","238400","11037","0","4","1","1390200","4","1","200"
"yune","track-a-comparison","luna_pinyin","key_sequence_process_with_context","zhongguo","23","8","8","32558500","24","21097500","52945","31611","11037","195000","4100","705900","100","269400","11037","0","4","1","1385900","4","1","300"
"yune","track-a-comparison","luna_pinyin","key_sequence_process_with_context","zhongguo","24","8","8","40160500","24","23740900","52945","31611","11037","199200","10300","973600","0","1284500","11037","0","4","1","2017200","4","1","500"
"yune","track-a-comparison","luna_pinyin","key_sequence_process_with_context","zhongguo","25","8","8","43069000","24","28847400","52945","31611","11037","212900","9600","851400","300","703000","11037","0","4","1","1467800","4","1","400"
"yune","track-a-comparison","luna_pinyin","key_sequence_process_with_context","zhongguo","26","8","8","44268200","24","29635500","52945","31611","11037","208400","10700","918700","100","585000","11037","0","4","1","1817400","4","1","300"
"yune","track-a-comparison","luna_pinyin","key_sequence_process_with_context","zhongguo","27","8","8","53844000","24","37582700","52945","31611","11037","225500","10400","1107800","200","712600","11037","0","4","1","1720100","4","1","500"
"yune","track-a-comparison","luna_pinyin","key_sequence_process_with_context","zhongguo","28","8","8","37472900","24","25711600","52945","31611","11037","197700","4000","716400","200","266100","11037","0","4","1","1393400","4","1","300"
"yune","track-a-comparison","luna_pinyin","key_sequence_process_with_context","zhongguo","29","8","8","32782100","24","21725500","52945","31611","11037","192700","3100","681400","200","242700","11037","0","4","1","1386100","4","1","300"
"yune","track-a-comparison","luna_pinyin","key_sequence_process_with_context","zhongguo","30","8","8","32992200","24","21890900","52945","31611","11037","195400","3200","707200","200","240000","11037","0","4","1","1374400","4","1","300"
"yune","track-a-comparison","luna_pinyin","key_sequence_process_with_context","zhongguo","31","8","8","32990700","24","21652400","52945","31611","11037","200400","3000","777500","100","242900","11037","0","4","1","1383600","4","1","300"
"yune","track-a-comparison","luna_pinyin","key_sequence_process_with_context","zhongguo","32","8","8","31102900","24","20045100","52945","31611","11037","192800","3000","692800","300","244000","11037","0","4","1","1370300","4","1","200"
"yune","track-a-comparison","luna_pinyin","key_sequence_process_with_context","zhongguo","33","8","8","31107100","24","20120800","52945","31611","11037","193700","2900","686500","100","237300","11037","0","4","1","1381200","4","1","300"
"yune","track-a-comparison","luna_pinyin","key_sequence_process_with_context","zhongguo","34","8","8","31466600","24","20529900","52945","31611","11037","196900","3000","696400","300","242000","11037","0","4","1","1356600","4","1","300"
"yune","track-a-comparison","luna_pinyin","key_sequence_process_with_context","zhongguo","35","8","8","37828800","24","25663600","52945","31611","11037","191100","5100","777700","100","505600","11037","0","4","1","1389500","4","1","300"
"yune","track-a-comparison","luna_pinyin","key_sequence_process_with_context","zhongguo","36","8","8","31527700","24","20446200","52945","31611","11037","194200","2900","697300","200","244700","11037","0","4","1","1393400","4","1","300"
"yune","track-a-comparison","luna_pinyin","key_sequence_process_with_context","zhongguo","37","8","8","37407500","24","23109900","52945","31611","11037","209900","11500","989600","100","629100","11037","0","4","1","1551500","4","1","400"
"yune","track-a-comparison","luna_pinyin","key_sequence_process_with_context","zhongguo","38","8","8","39416200","24","27343100","52945","31611","11037","193500","7000","818100","200","575100","11037","0","4","1","1900400","4","1","900"
"yune","track-a-comparison","luna_pinyin","key_sequence_process_with_context","zhongguo","39","8","8","40294000","24","28279500","52945","31611","11037","204800","4500","818000","400","545100","11037","0","4","1","1405400","4","1","300"
"yune","track-a-comparison","luna_pinyin","key_sequence_process_with_context","zhongguo","40","8","8","44515200","24","28949000","52945","31611","11037","278500","6700","1489400","200","659900","11037","0","4","1","1518200","4","1","300"
"yune","track-a-comparison","luna_pinyin","key_sequence_process_with_context","zhongguo","41","8","8","44417500","24","30597700","52945","31611","11037","212100","6200","1076000","0","786200","11037","0","4","1","1423900","4","1","400"
"yune","track-a-comparison","luna_pinyin","key_sequence_process_with_context","zhongguo","42","8","8","33349600","24","22113300","52945","31611","11037","193700","3100","701900","0","246000","11037","0","4","1","1395500","4","1","300"
"yune","track-a-comparison","luna_pinyin","key_sequence_process_with_context","zhongguo","43","8","8","31712900","24","20643800","52945","31611","11037","191700","3300","695900","200","244900","11037","0","4","1","1374900","4","1","300"
"yune","track-a-comparison","luna_pinyin","key_sequence_process_with_context","zhongguo","44","8","8","31529200","24","20415600","52945","31611","11037","192100","3000","688100","100","245000","11037","0","4","1","1397700","4","1","300"
"yune","track-a-comparison","luna_pinyin","key_sequence_process_with_context","zhongguo","45","8","8","31459000","24","20348700","52945","31611","11037","191500","3200","688800","100","244300","11037","0","4","1","1380200","4","1","300"
"yune","track-a-comparison","luna_pinyin","key_sequence_process_with_context","zhongguo","46","8","8","31318500","24","20297900","52945","31611","11037","191500","3100","689200","200","242900","11037","0","4","1","1377100","4","1","400"
"yune","track-a-comparison","luna_pinyin","key_sequence_process_with_context","zhongguo","47","8","8","31697300","24","20617200","52945","31611","11037","192000","2900","686700","300","245300","11037","0","4","1","1368300","4","1","400"
"yune","track-a-comparison","luna_pinyin","key_sequence_process_with_context","zhongguo","48","8","8","31450700","24","20429100","52945","31611","11037","191600","2900","690500","300","249800","11037","0","4","1","1372300","4","1","400"
"yune","track-a-comparison","luna_pinyin","key_sequence_process_with_context","zhongguo","49","8","8","31228900","24","20192400","52945","31611","11037","192300","2800","689400","100","242600","11037","0","4","1","1382200","4","1","300"
"yune","track-b-product","jyut6ping3_mobile","key_sequence_process_with_context","hai","0","3","3","21166900","9","20420500","114889","16735","60","300","1300","24700","100","1400","60","0","6","1","356500","6","1","300"
"yune","track-b-product","jyut6ping3_mobile","key_sequence_process_with_context","hai","1","3","3","21186000","9","20413000","114889","16735","60","100","1300","24500","0","1600","60","0","6","1","356000","6","1","300"
"yune","track-b-product","jyut6ping3_mobile","key_sequence_process_with_context","hai","2","3","3","21113100","9","20373700","114889","16735","60","100","1100","24200","100","1600","60","0","6","1","362600","6","1","300"
"yune","track-b-product","jyut6ping3_mobile","key_sequence_process_with_context","hai","3","3","3","21123800","9","20374500","114889","16735","60","100","1200","24700","0","1300","60","0","6","1","353400","6","1","400"
"yune","track-b-product","jyut6ping3_mobile","key_sequence_process_with_context","hai","4","3","3","21119200","9","20361900","114889","16735","60","300","1300","24500","200","1400","60","0","6","1","360800","6","1","400"
"yune","track-b-product","jyut6ping3_mobile","key_sequence_process_with_context","hai","5","3","3","21399900","9","20654800","114889","16735","60","200","1100","25100","100","1600","60","0","6","1","353600","6","1","400"
"yune","track-b-product","jyut6ping3_mobile","key_sequence_process_with_context","hai","6","3","3","21023300","9","20282800","114889","16735","60","100","1100","24000","0","1600","60","0","6","1","354400","6","1","300"
"yune","track-b-product","jyut6ping3_mobile","key_sequence_process_with_context","hai","7","3","3","21002000","9","20243900","114889","16735","60","300","1000","24800","100","1400","60","0","6","1","356000","6","1","300"
"yune","track-b-product","jyut6ping3_mobile","key_sequence_process_with_context","hai","8","3","3","21108500","9","20365100","114889","16735","60","200","1100","24200","100","1400","60","0","6","1","353500","6","1","300"
"yune","track-b-product","jyut6ping3_mobile","key_sequence_process_with_context","hai","9","3","3","20990600","9","20234900","114889","16735","60","200","1200","24100","200","1500","60","0","6","1","359000","6","1","300"
"yune","track-b-product","jyut6ping3_mobile","key_sequence_process_with_context","hai","10","3","3","20970900","9","20224200","114889","16735","60","100","1000","23900","100","1400","60","0","6","1","352800","6","1","4000"
"yune","track-b-product","jyut6ping3_mobile","key_sequence_process_with_context","hai","11","3","3","20967700","9","20224700","114889","16735","60","100","1300","24200","200","1500","60","0","6","1","354000","6","1","400"
"yune","track-b-product","jyut6ping3_mobile","key_sequence_process_with_context","hai","12","3","3","21028100","9","20285600","114889","16735","60","100","1200","24500","100","1500","60","0","6","1","356700","6","1","300"
"yune","track-b-product","jyut6ping3_mobile","key_sequence_process_with_context","hai","13","3","3","21055000","9","20309600","114889","16735","60","100","1300","25200","100","1400","60","0","6","1","362700","6","1","400"
"yune","track-b-product","jyut6ping3_mobile","key_sequence_process_with_context","hai","14","3","3","21474300","9","20716700","114889","16735","60","0","1100","25900","100","1600","60","0","6","1","387300","6","1","300"
"yune","track-b-product","jyut6ping3_mobile","key_sequence_process_with_context","hai","15","3","3","21136700","9","20398000","114889","16735","60","100","1200","25100","0","1500","60","0","6","1","353500","6","1","400"
"yune","track-b-product","jyut6ping3_mobile","key_sequence_process_with_context","hai","16","3","3","21081200","9","20315200","114889","16735","60","100","1200","24100","100","1400","60","0","6","1","356700","6","1","400"
"yune","track-b-product","jyut6ping3_mobile","key_sequence_process_with_context","hai","17","3","3","21146000","9","20404800","114889","16735","60","200","1200","23900","0","1500","60","0","6","1","353800","6","1","300"
"yune","track-b-product","jyut6ping3_mobile","key_sequence_process_with_context","hai","18","3","3","21101400","9","20357500","114889","16735","60","200","1200","24200","0","1600","60","0","6","1","358400","6","1","300"
"yune","track-b-product","jyut6ping3_mobile","key_sequence_process_with_context","hai","19","3","3","21013400","9","20267400","114889","16735","60","100","1300","24500","200","1600","60","0","6","1","360000","6","1","300"
"yune","track-b-product","jyut6ping3_mobile","key_sequence_process_with_context","hai","20","3","3","21010000","9","20259800","114889","16735","60","200","1300","24000","100","1500","60","0","6","1","355900","6","1","300"
"yune","track-b-product","jyut6ping3_mobile","key_sequence_process_with_context","hai","21","3","3","21265800","9","20493400","114889","16735","60","200","2000","27300","0","2000","60","0","6","1","358600","6","1","400"
"yune","track-b-product","jyut6ping3_mobile","key_sequence_process_with_context","hai","22","3","3","21334800","9","20593600","114889","16735","60","300","1200","24600","0","1500","60","0","6","1","357600","6","1","400"
"yune","track-b-product","jyut6ping3_mobile","key_sequence_process_with_context","hai","23","3","3","21717200","9","20961800","114889","16735","60","0","1000","27000","0","1500","60","0","6","1","355400","6","1","400"
"yune","track-b-product","jyut6ping3_mobile","key_sequence_process_with_context","hai","24","3","3","21300100","9","20556400","114889","16735","60","200","1200","25200","0","1700","60","0","6","1","365400","6","1","400"
"yune","track-b-product","jyut6ping3_mobile","key_sequence_process_with_context","hai","25","3","3","21142700","9","20376800","114889","16735","60","0","900","24500","100","1500","60","0","6","1","366400","6","1","300"
"yune","track-b-product","jyut6ping3_mobile","key_sequence_process_with_context","hai","26","3","3","21066200","9","20320900","114889","16735","60","200","1200","24900","100","1500","60","0","6","1","355300","6","1","300"
"yune","track-b-product","jyut6ping3_mobile","key_sequence_process_with_context","hai","27","3","3","21065300","9","20315600","114889","16735","60","100","1200","24700","0","1600","60","0","6","1","356100","6","1","300"
"yune","track-b-product","jyut6ping3_mobile","key_sequence_process_with_context","hai","28","3","3","21030600","9","20282200","114889","16735","60","100","1200","24700","0","1400","60","0","6","1","362100","6","1","400"
"yune","track-b-product","jyut6ping3_mobile","key_sequence_process_with_context","hai","29","3","3","21051900","9","20283100","114889","16735","60","100","1200","24200","100","1500","60","0","6","1","360400","6","1","300"
"yune","track-b-product","jyut6ping3_mobile","key_sequence_process_with_context","hai","30","3","3","21125000","9","20362800","114889","16735","60","300","1200","25600","100","1300","60","0","6","1","364200","6","1","300"
"yune","track-b-product","jyut6ping3_mobile","key_sequence_process_with_context","hai","31","3","3","23697000","9","22900700","114889","16735","60","100","1900","37900","0","1700","60","0","6","1","463200","6","1","500"
"yune","track-b-product","jyut6ping3_mobile","key_sequence_process_with_context","hai","32","3","3","22540700","9","21697700","114889","16735","60","300","1700","29400","100","1600","60","0","6","1","368100","6","1","500"
"yune","track-b-product","jyut6ping3_mobile","key_sequence_process_with_context","hai","33","3","3","21395900","9","20627300","114889","16735","60","200","1200","25300","100","1500","60","0","6","1","372000","6","1","300"
"yune","track-b-product","jyut6ping3_mobile","key_sequence_process_with_context","hai","34","3","3","21091100","9","20334200","114889","16735","60","200","1200","24300","100","1500","60","0","6","1","362300","6","1","300"
"yune","track-b-product","jyut6ping3_mobile","key_sequence_process_with_context","hai","35","3","3","20969300","9","20210500","114889","16735","60","200","1300","26800","0","1500","60","0","6","1","358800","6","1","300"
"yune","track-b-product","jyut6ping3_mobile","key_sequence_process_with_context","hai","36","3","3","20996300","9","20243100","114889","16735","60","100","1200","23800","100","1600","60","0","6","1","356100","6","1","300"
"yune","track-b-product","jyut6ping3_mobile","key_sequence_process_with_context","hai","37","3","3","21065400","9","20317900","114889","16735","60","200","1300","24700","0","1600","60","0","6","1","358100","6","1","400"
"yune","track-b-product","jyut6ping3_mobile","key_sequence_process_with_context","hai","38","3","3","21187000","9","20408400","114889","16735","60","100","1300","24300","100","1500","60","0","6","1","362900","6","1","400"
"yune","track-b-product","jyut6ping3_mobile","key_sequence_process_with_context","hai","39","3","3","21764000","9","20933800","114889","16735","60","300","1800","26400","100","1700","60","0","6","1","379200","6","1","500"
"yune","track-b-product","jyut6ping3_mobile","key_sequence_process_with_context","hai","40","3","3","21136200","9","20376200","114889","16735","60","200","1400","24900","0","1700","60","0","6","1","372800","6","1","400"
"yune","track-b-product","jyut6ping3_mobile","key_sequence_process_with_context","hai","41","3","3","21272600","9","20512100","114889","16735","60","100","1200","25600","100","1600","60","0","6","1","369800","6","1","400"
"yune","track-b-product","jyut6ping3_mobile","key_sequence_process_with_context","hai","42","3","3","21247800","9","20481400","114889","16735","60","100","1200","24400","100","1600","60","0","6","1","360800","6","1","400"
"yune","track-b-product","jyut6ping3_mobile","key_sequence_process_with_context","hai","43","3","3","21062100","9","20304300","114889","16735","60","100","1200","24700","0","1600","60","0","6","1","360600","6","1","400"
"yune","track-b-product","jyut6ping3_mobile","key_sequence_process_with_context","hai","44","3","3","21262300","9","20501300","114889","16735","60","200","1300","25000","0","1600","60","0","6","1","374800","6","1","400"
"yune","track-b-product","jyut6ping3_mobile","key_sequence_process_with_context","hai","45","3","3","21051900","9","20282600","114889","16735","60","200","1300","25300","100","1500","60","0","6","1","363300","6","1","400"
"yune","track-b-product","jyut6ping3_mobile","key_sequence_process_with_context","hai","46","3","3","21037800","9","20282200","114889","16735","60","0","1000","25000","0","1600","60","0","6","1","363000","6","1","400"
"yune","track-b-product","jyut6ping3_mobile","key_sequence_process_with_context","hai","47","3","3","21163400","9","20405100","114889","16735","60","200","1200","27100","200","1400","60","0","6","1","362400","6","1","400"
"yune","track-b-product","jyut6ping3_mobile","key_sequence_process_with_context","hai","48","3","3","23081700","9","22305800","114889","16735","60","100","1200","34000","200","1600","60","0","6","1","365400","6","1","400"
"yune","track-b-product","jyut6ping3_mobile","key_sequence_process_with_context","hai","49","3","3","24362400","9","23569900","114889","16735","60","100","1300","33200","200","1500","60","0","6","1","359100","6","1","400"
"yune","track-b-product","jyut6ping3_mobile","key_sequence_process_with_context","ngohaig","0","7","7","50663700","21","45537500","214324","10647","5291","9000","3100","2767200","300","12100","5291","0","6","1","430700","6","1","500"
"yune","track-b-product","jyut6ping3_mobile","key_sequence_process_with_context","ngohaig","1","7","7","45848100","21","41273100","214324","10647","5291","8600","2300","2388900","100","12400","5291","0","6","1","386200","6","1","400"
"yune","track-b-product","jyut6ping3_mobile","key_sequence_process_with_context","ngohaig","2","7","7","44429800","21","39599600","214324","10647","5291","8700","2300","2636400","100","18500","5291","0","6","1","401000","6","1","500"
"yune","track-b-product","jyut6ping3_mobile","key_sequence_process_with_context","ngohaig","3","7","7","54453000","21","48945600","214324","10647","5291","8400","2900","3324800","0","13200","5291","0","6","1","463200","6","1","500"
"yune","track-b-product","jyut6ping3_mobile","key_sequence_process_with_context","ngohaig","4","7","7","52628700","21","47562000","214324","10647","5291","8200","2600","2866000","0","12300","5291","0","6","1","426500","6","1","400"
"yune","track-b-product","jyut6ping3_mobile","key_sequence_process_with_context","ngohaig","5","7","7","46940100","21","42021100","214324","10647","5291","8600","3200","2500500","200","12700","5291","0","6","1","397400","6","1","500"
"yune","track-b-product","jyut6ping3_mobile","key_sequence_process_with_context","ngohaig","6","7","7","44858900","21","40376600","214324","10647","5291","8800","2000","2343800","200","12200","5291","0","6","1","388400","6","1","400"
"yune","track-b-product","jyut6ping3_mobile","key_sequence_process_with_context","ngohaig","7","7","7","45571100","21","40862200","214324","10647","5291","8900","2400","2553100","200","12500","5291","0","6","1","398100","6","1","400"
"yune","track-b-product","jyut6ping3_mobile","key_sequence_process_with_context","ngohaig","8","7","7","49202900","21","44152800","214324","10647","5291","8600","2000","2900900","400","12100","5291","0","6","1","395600","6","1","500"
"yune","track-b-product","jyut6ping3_mobile","key_sequence_process_with_context","ngohaig","9","7","7","49972700","21","45056600","214324","10647","5291","8000","2600","2793400","200","12400","5291","0","6","1","436000","6","1","500"
"yune","track-b-product","jyut6ping3_mobile","key_sequence_process_with_context","ngohaig","10","7","7","48745900","21","43530200","214324","10647","5291","8200","2800","3058100","200","13200","5291","0","6","1","454700","6","1","500"
"yune","track-b-product","jyut6ping3_mobile","key_sequence_process_with_context","ngohaig","11","7","7","51923800","21","46750900","214324","10647","5291","8600","2200","3007100","100","12200","5291","0","6","1","394100","6","1","400"
"yune","track-b-product","jyut6ping3_mobile","key_sequence_process_with_context","ngohaig","12","7","7","49731300","21","44029700","214324","10647","5291","8600","3800","2929800","300","13300","5291","0","6","1","437000","6","1","500"
"yune","track-b-product","jyut6ping3_mobile","key_sequence_process_with_context","ngohaig","13","7","7","46958100","21","42176100","214324","10647","5291","8600","2200","2561900","100","12200","5291","0","6","1","394100","6","1","500"
"yune","track-b-product","jyut6ping3_mobile","key_sequence_process_with_context","ngohaig","14","7","7","44945900","21","40339100","214324","10647","5291","8600","2100","2459900","100","12400","5291","0","6","1","388800","6","1","400"
"yune","track-b-product","jyut6ping3_mobile","key_sequence_process_with_context","ngohaig","15","7","7","47927100","21","42646900","214324","10647","5291","8400","2300","3109100","200","12800","5291","0","6","1","416600","6","1","400"
"yune","track-b-product","jyut6ping3_mobile","key_sequence_process_with_context","ngohaig","16","7","7","53440100","21","48192900","214324","10647","5291","8600","2600","3067300","300","12900","5291","0","6","1","406600","6","1","400"
"yune","track-b-product","jyut6ping3_mobile","key_sequence_process_with_context","ngohaig","17","7","7","49161700","21","44263300","214324","10647","5291","8500","2600","2668300","300","12100","5291","0","6","1","394000","6","1","500"
"yune","track-b-product","jyut6ping3_mobile","key_sequence_process_with_context","ngohaig","18","7","7","45805600","21","41260400","214324","10647","5291","8600","2200","2366600","100","12100","5291","0","6","1","384700","6","1","400"
"yune","track-b-product","jyut6ping3_mobile","key_sequence_process_with_context","ngohaig","19","7","7","48437100","21","43585800","214324","10647","5291","8100","2200","2647000","100","15400","5291","0","6","1","392400","6","1","400"
"yune","track-b-product","jyut6ping3_mobile","key_sequence_process_with_context","ngohaig","20","7","7","46302900","21","41683000","214324","10647","5291","8500","2100","2449100","200","11700","5291","0","6","1","381400","6","1","400"
"yune","track-b-product","jyut6ping3_mobile","key_sequence_process_with_context","ngohaig","21","7","7","48745500","21","43861100","214324","10647","5291","8000","1900","2745900","100","12200","5291","0","6","1","380700","6","1","400"
"yune","track-b-product","jyut6ping3_mobile","key_sequence_process_with_context","ngohaig","22","7","7","46014500","21","41475500","214324","10647","5291","8400","2100","2420200","200","12000","5291","0","6","1","380900","6","1","400"
"yune","track-b-product","jyut6ping3_mobile","key_sequence_process_with_context","ngohaig","23","7","7","45188700","21","40382200","214324","10647","5291","8000","2300","2666700","200","12400","5291","0","6","1","392300","6","1","400"
"yune","track-b-product","jyut6ping3_mobile","key_sequence_process_with_context","ngohaig","24","7","7","48296500","21","43175200","214324","10647","5291","8900","3700","2557600","100","17700","5291","0","6","1","391700","6","1","600"
"yune","track-b-product","jyut6ping3_mobile","key_sequence_process_with_context","ngohaig","25","7","7","44911200","21","40504000","214324","10647","5291","8300","2300","2289700","0","12600","5291","0","6","1","379400","6","1","400"
"yune","track-b-product","jyut6ping3_mobile","key_sequence_process_with_context","ngohaig","26","7","7","43462200","21","39177500","214324","10647","5291","9100","2100","2168600","200","11900","5291","0","6","1","375000","6","1","500"
"yune","track-b-product","jyut6ping3_mobile","key_sequence_process_with_context","ngohaig","27","7","7","43844700","21","39353500","214324","10647","5291","8200","2500","2379400","300","12300","5291","0","6","1","388800","6","1","400"
"yune","track-b-product","jyut6ping3_mobile","key_sequence_process_with_context","ngohaig","28","7","7","47684100","21","42761000","214324","10647","5291","8900","2300","2760200","100","11900","5291","0","6","1","391600","6","1","400"
"yune","track-b-product","jyut6ping3_mobile","key_sequence_process_with_context","ngohaig","29","7","7","51478300","21","46492500","214324","10647","5291","8000","2500","2836900","100","12900","5291","0","6","1","395600","6","1","400"
"yune","track-b-product","jyut6ping3_mobile","key_sequence_process_with_context","ngohaig","30","7","7","47684100","21","43071500","214324","10647","5291","8100","2400","2467900","0","12000","5291","0","6","1","426100","6","1","500"
"yune","track-b-product","jyut6ping3_mobile","key_sequence_process_with_context","ngohaig","31","7","7","44767800","21","40062000","214324","10647","5291","8700","2600","2574400","100","12400","5291","0","6","1","401900","6","1","500"
"yune","track-b-product","jyut6ping3_mobile","key_sequence_process_with_context","ngohaig","32","7","7","48265100","21","43487000","214324","10647","5291","7800","2200","2626400","300","12200","5291","0","6","1","391900","6","1","500"
"yune","track-b-product","jyut6ping3_mobile","key_sequence_process_with_context","ngohaig","33","7","7","45346800","21","40877700","214324","10647","5291","8400","2200","2313700","0","11900","5291","0","6","1","390900","6","1","400"
"yune","track-b-product","jyut6ping3_mobile","key_sequence_process_with_context","ngohaig","34","7","7","43414200","21","39132800","214324","10647","5291","8300","2200","2121000","100","12100","5291","0","6","1","384800","6","1","400"
"yune","track-b-product","jyut6ping3_mobile","key_sequence_process_with_context","ngohaig","35","7","7","42790100","21","38529600","214324","10647","5291","8300","2100","2116000","400","11900","5291","0","6","1","382300","6","1","300"
"yune","track-b-product","jyut6ping3_mobile","key_sequence_process_with_context","ngohaig","36","7","7","45905200","21","40752800","214324","10647","5291","8000","2300","2997500","0","11800","5291","0","6","1","419900","6","1","400"
"yune","track-b-product","jyut6ping3_mobile","key_sequence_process_with_context","ngohaig","37","7","7","54171200","21","48783000","214324","10647","5291","7300","3800","3125100","200","12900","5291","0","6","1","456000","6","1","500"
"yune","track-b-product","jyut6ping3_mobile","key_sequence_process_with_context","ngohaig","38","7","7","47602900","21","42868800","214324","10647","5291","7700","2300","2500100","200","12700","5291","0","6","1","390600","6","1","500"
"yune","track-b-product","jyut6ping3_mobile","key_sequence_process_with_context","ngohaig","39","7","7","44302900","21","39832400","214324","10647","5291","8100","2100","2294300","100","12100","5291","0","6","1","394200","6","1","400"
"yune","track-b-product","jyut6ping3_mobile","key_sequence_process_with_context","ngohaig","40","7","7","47298800","21","42725200","214324","10647","5291","8800","1900","2439800","200","12300","5291","0","6","1","399400","6","1","400"
"yune","track-b-product","jyut6ping3_mobile","key_sequence_process_with_context","ngohaig","41","7","7","45991700","21","41107700","214324","10647","5291","8200","2300","2720500","0","12400","5291","0","6","1","408500","6","1","500"
"yune","track-b-product","jyut6ping3_mobile","key_sequence_process_with_context","ngohaig","42","7","7","49884200","21","45142600","214324","10647","5291","8600","2200","2600800","300","12400","5291","0","6","1","380500","6","1","500"
"yune","track-b-product","jyut6ping3_mobile","key_sequence_process_with_context","ngohaig","43","7","7","45698700","21","41184900","214324","10647","5291","8200","2200","2355800","100","12100","5291","0","6","1","379500","6","1","400"
"yune","track-b-product","jyut6ping3_mobile","key_sequence_process_with_context","ngohaig","44","7","7","44524700","21","39990500","214324","10647","5291","8100","2000","2412800","300","12000","5291","0","6","1","389500","6","1","400"
"yune","track-b-product","jyut6ping3_mobile","key_sequence_process_with_context","ngohaig","45","7","7","48763100","21","43915600","214324","10647","5291","8200","2600","2706100","200","12000","5291","0","6","1","426100","6","1","400"
"yune","track-b-product","jyut6ping3_mobile","key_sequence_process_with_context","ngohaig","46","7","7","46126100","21","41525200","214324","10647","5291","8500","2400","2459700","100","11900","5291","0","6","1","428600","6","1","500"
"yune","track-b-product","jyut6ping3_mobile","key_sequence_process_with_context","ngohaig","47","7","7","44319800","21","39933300","214324","10647","5291","8400","1900","2244700","300","15300","5291","0","6","1","383000","6","1","400"
"yune","track-b-product","jyut6ping3_mobile","key_sequence_process_with_context","ngohaig","48","7","7","47552300","21","42204600","214324","10647","5291","8300","2700","3218500","300","12600","5291","0","6","1","420200","6","1","400"
"yune","track-b-product","jyut6ping3_mobile","key_sequence_process_with_context","ngohaig","49","7","7","55891400","21","50261900","214324","10647","5291","8600","3000","3388200","100","12900","5291","0","6","1","392400","6","1","400"
"yune","track-b-product","jyut6ping3_mobile","key_sequence_process_with_context","jigaajiusihaa","0","13","13","239348200","39","203669700","556686","104769","80245","143100","9100","27552000","300","2242800","80245","0","6","1","396800","6","1","700"
"yune","track-b-product","jyut6ping3_mobile","key_sequence_process_with_context","jigaajiusihaa","1","13","13","240996700","39","204292200","556686","104769","80245","159400","9600","28299900","400","2385900","80245","0","6","1","408000","6","1","500"
"yune","track-b-product","jyut6ping3_mobile","key_sequence_process_with_context","jigaajiusihaa","2","13","13","236650100","39","200919500","556686","104769","80245","146600","8200","27708900","500","2210300","80245","0","6","1","398600","6","1","500"
"yune","track-b-product","jyut6ping3_mobile","key_sequence_process_with_context","jigaajiusihaa","3","13","13","240240000","39","203414000","556686","104769","80245","131900","9300","28741700","500","2173300","80245","0","6","1","404400","6","1","500"
"yune","track-b-product","jyut6ping3_mobile","key_sequence_process_with_context","jigaajiusihaa","4","13","13","245583100","39","204275100","556686","104769","80245","104900","10300","32821000","400","2478600","80245","0","6","1","406100","6","1","700"
"yune","track-b-product","jyut6ping3_mobile","key_sequence_process_with_context","jigaajiusihaa","5","13","13","246658000","39","207092700","556686","104769","80245","107000","10900","30797200","100","2603100","80245","0","6","1","418800","6","1","500"
"yune","track-b-product","jyut6ping3_mobile","key_sequence_process_with_context","jigaajiusihaa","6","13","13","243864100","39","205276100","556686","104769","80245","99300","8700","30163500","600","2497700","80245","0","6","1","398500","6","1","500"
"yune","track-b-product","jyut6ping3_mobile","key_sequence_process_with_context","jigaajiusihaa","7","13","13","239003500","39","202128600","556686","104769","80245","94800","8300","28845900","300","2249000","80245","0","6","1","404500","6","1","500"
"yune","track-b-product","jyut6ping3_mobile","key_sequence_process_with_context","jigaajiusihaa","8","13","13","253481300","39","209800300","556686","104769","80245","108500","9700","34775800","400","2893400","80245","0","6","1","402800","6","1","500"
"yune","track-b-product","jyut6ping3_mobile","key_sequence_process_with_context","jigaajiusihaa","9","13","13","261815500","39","217809300","556686","104769","80245","121800","11600","34695000","0","2940600","80245","0","6","1","471600","6","1","600"
"yune","track-b-product","jyut6ping3_mobile","key_sequence_process_with_context","jigaajiusihaa","10","13","13","241077700","39","204082700","556686","104769","80245","96100","8900","28628500","500","2500000","80245","0","6","1","394500","6","1","500"
"yune","track-b-product","jyut6ping3_mobile","key_sequence_process_with_context","jigaajiusihaa","11","13","13","238615200","39","201793100","556686","104769","80245","99200","9400","28557500","400","2421100","80245","0","6","1","437400","6","1","500"
"yune","track-b-product","jyut6ping3_mobile","key_sequence_process_with_context","jigaajiusihaa","12","13","13","246115900","39","204802000","556686","104769","80245","116500","10600","32600000","400","2441800","80245","0","6","1","408500","6","1","700"
"yune","track-b-product","jyut6ping3_mobile","key_sequence_process_with_context","jigaajiusihaa","13","13","13","241909300","39","203802300","556686","104769","80245","107900","9900","29499700","400","2579000","80245","0","6","1","461500","6","1","700"
"yune","track-b-product","jyut6ping3_mobile","key_sequence_process_with_context","jigaajiusihaa","14","13","13","241439000","39","204189700","556686","104769","80245","108400","9100","28823500","700","2460300","80245","0","6","1","395800","6","1","700"
"yune","track-b-product","jyut6ping3_mobile","key_sequence_process_with_context","jigaajiusihaa","15","13","13","237782500","39","201810200","556686","104769","80245","106000","8500","27796400","700","2252000","80245","0","6","1","399500","6","1","700"
"yune","track-b-product","jyut6ping3_mobile","key_sequence_process_with_context","jigaajiusihaa","16","13","13","246870800","39","204699600","556686","104769","80245","104100","8800","33563000","400","2647000","80245","0","6","1","411300","6","1","800"
"yune","track-b-product","jyut6ping3_mobile","key_sequence_process_with_context","jigaajiusihaa","17","13","13","238906200","39","202811900","556686","104769","80245","96400","8700","27846500","300","2351500","80245","0","6","1","487300","6","1","800"
"yune","track-b-product","jyut6ping3_mobile","key_sequence_process_with_context","jigaajiusihaa","18","13","13","238129400","39","202389800","556686","104769","80245","105500","8000","27572400","300","2317800","80245","0","6","1","406100","6","1","600"
"yune","track-b-product","jyut6ping3_mobile","key_sequence_process_with_context","jigaajiusihaa","19","13","13","264650000","39","215641700","556686","104769","80245","104900","13100","39014200","600","3605800","80245","0","6","1","402700","6","1","600"
"yune","track-b-product","jyut6ping3_mobile","key_sequence_process_with_context","jigaajiusihaa","20","13","13","237102400","39","201881200","556686","104769","80245","95400","8600","27257500","300","2198600","80245","0","6","1","395900","6","1","600"
"yune","track-b-product","jyut6ping3_mobile","key_sequence_process_with_context","jigaajiusihaa","21","13","13","241108500","39","202779500","556686","104769","80245","112400","9500","30137600","400","2372200","80245","0","6","1","444700","6","1","600"
"yune","track-b-product","jyut6ping3_mobile","key_sequence_process_with_context","jigaajiusihaa","22","13","13","237252300","39","202134700","556686","104769","80245","161300","9300","26878400","600","2300400","80245","0","6","1","393800","6","1","700"
"yune","track-b-product","jyut6ping3_mobile","key_sequence_process_with_context","jigaajiusihaa","23","13","13","238928200","39","202308200","556686","104769","80245","151800","9000","28253200","300","2457500","80245","0","6","1","393800","6","1","700"
"yune","track-b-product","jyut6ping3_mobile","key_sequence_process_with_context","jigaajiusihaa","24","13","13","242038400","39","203670100","556686","104769","80245","151500","9300","29836700","300","2663900","80245","0","6","1","418100","6","1","800"
"yune","track-b-product","jyut6ping3_mobile","key_sequence_process_with_context","jigaajiusihaa","25","13","13","244824800","39","207399900","556686","104769","80245","110600","9100","29088400","400","2294000","80245","0","6","1","400300","6","1","700"
"yune","track-b-product","jyut6ping3_mobile","key_sequence_process_with_context","jigaajiusihaa","26","13","13","241971700","39","204656200","556686","104769","80245","120500","9600","28826400","300","2433900","80245","0","6","1","404600","6","1","700"
"yune","track-b-product","jyut6ping3_mobile","key_sequence_process_with_context","jigaajiusihaa","27","13","13","242244200","39","204723500","556686","104769","80245","138000","9800","29052900","400","2399100","80245","0","6","1","401100","6","1","600"
"yune","track-b-product","jyut6ping3_mobile","key_sequence_process_with_context","jigaajiusihaa","28","13","13","239467100","39","203018600","556686","104769","80245","94500","9300","28252200","300","2323300","80245","0","6","1","401700","6","1","700"
"yune","track-b-product","jyut6ping3_mobile","key_sequence_process_with_context","jigaajiusihaa","29","13","13","242627600","39","203809400","556686","104769","80245","95500","9000","30509200","300","2361000","80245","0","6","1","420900","6","1","600"
"yune","track-b-product","jyut6ping3_mobile","key_sequence_process_with_context","jigaajiusihaa","30","13","13","241397300","39","204608100","556686","104769","80245","142800","9100","28534600","600","2232700","80245","0","6","1","399700","6","1","600"
"yune","track-b-product","jyut6ping3_mobile","key_sequence_process_with_context","jigaajiusihaa","31","13","13","239621200","39","203141800","556686","104769","80245","101500","9100","28121500","300","2391200","80245","0","6","1","402700","6","1","600"
"yune","track-b-product","jyut6ping3_mobile","key_sequence_process_with_context","jigaajiusihaa","32","13","13","242986200","39","204129300","556686","104769","80245","126800","10300","30396100","500","2503400","80245","0","6","1","486600","6","1","1400"
"yune","track-b-product","jyut6ping3_mobile","key_sequence_process_with_context","jigaajiusihaa","33","13","13","243137000","39","204676500","556686","104769","80245","145200","9600","29846900","400","2618600","80245","0","6","1","418800","6","1","800"
"yune","track-b-product","jyut6ping3_mobile","key_sequence_process_with_context","jigaajiusihaa","34","13","13","239812600","39","204212900","556686","104769","80245","159400","9800","27306800","300","2270000","80245","0","6","1","399400","6","1","600"
"yune","track-b-product","jyut6ping3_mobile","key_sequence_process_with_context","jigaajiusihaa","35","13","13","240422600","39","202739800","556686","104769","80245","145400","8800","29437600","400","2342200","80245","0","6","1","398900","6","1","1300"
"yune","track-b-product","jyut6ping3_mobile","key_sequence_process_with_context","jigaajiusihaa","36","13","13","236754200","39","201554200","556686","104769","80245","94400","8500","27150900","300","2238300","80245","0","6","1","397700","6","1","700"
"yune","track-b-product","jyut6ping3_mobile","key_sequence_process_with_context","jigaajiusihaa","37","13","13","242617300","39","205799600","556686","104769","80245","96600","8900","28551300","400","2412200","80245","0","6","1","405800","6","1","700"
"yune","track-b-product","jyut6ping3_mobile","key_sequence_process_with_context","jigaajiusihaa","38","13","13","242125900","39","204501800","556686","104769","80245","150200","12400","29172200","100","2354900","80245","0","6","1","391800","6","1","500"
"yune","track-b-product","jyut6ping3_mobile","key_sequence_process_with_context","jigaajiusihaa","39","13","13","236291400","39","201289500","556686","104769","80245","160800","9800","26744400","200","2271800","80245","0","6","1","395800","6","1","600"
"yune","track-b-product","jyut6ping3_mobile","key_sequence_process_with_context","jigaajiusihaa","40","13","13","243179100","39","204489000","556686","104769","80245","153500","9400","30208400","200","2454800","80245","0","6","1","401900","6","1","700"
"yune","track-b-product","jyut6ping3_mobile","key_sequence_process_with_context","jigaajiusihaa","41","13","13","240558500","39","203994800","556686","104769","80245","154300","8500","28281600","400","2440300","80245","0","6","1","391800","6","1","600"
"yune","track-b-product","jyut6ping3_mobile","key_sequence_process_with_context","jigaajiusihaa","42","13","13","238399200","39","202564300","556686","104769","80245","160600","8600","27655100","400","2339100","80245","0","6","1","402500","6","1","800"
"yune","track-b-product","jyut6ping3_mobile","key_sequence_process_with_context","jigaajiusihaa","43","13","13","238961800","39","202056300","556686","104769","80245","131800","8600","28799100","400","2173000","80245","0","6","1","433300","6","1","800"
"yune","track-b-product","jyut6ping3_mobile","key_sequence_process_with_context","jigaajiusihaa","44","13","13","234903800","39","200498600","556686","104769","80245","174200","7900","26288900","500","2171900","80245","0","6","1","389400","6","1","600"
"yune","track-b-product","jyut6ping3_mobile","key_sequence_process_with_context","jigaajiusihaa","45","13","13","238055100","39","202936800","556686","104769","80245","133700","8100","27061900","400","2273000","80245","0","6","1","387200","6","1","600"
"yune","track-b-product","jyut6ping3_mobile","key_sequence_process_with_context","jigaajiusihaa","46","13","13","239188100","39","202872400","556686","104769","80245","95900","8200","28017500","200","2433100","80245","0","6","1","419900","6","1","600"
"yune","track-b-product","jyut6ping3_mobile","key_sequence_process_with_context","jigaajiusihaa","47","13","13","242280400","39","204459300","556686","104769","80245","94100","9100","29259300","500","2283400","80245","0","6","1","407300","6","1","600"
"yune","track-b-product","jyut6ping3_mobile","key_sequence_process_with_context","jigaajiusihaa","48","13","13","239599200","39","202876800","556686","104769","80245","98900","9300","28603200","300","2267600","80245","0","6","1","398400","6","1","700"
"yune","track-b-product","jyut6ping3_mobile","key_sequence_process_with_context","jigaajiusihaa","49","13","13","238829200","39","202502300","556686","104769","80245","94600","8900","28012100","500","2349800","80245","0","6","1","405600","6","1","900"
"yune","track-b-product","jyut6ping3_mobile","key_sequence_process_with_context","loengjathau","0","11","11","81718300","33","70494700","279296","39911","23553","35100","4100","7158400","400","377400","23553","0","6","1","371400","6","1","500"
"yune","track-b-product","jyut6ping3_mobile","key_sequence_process_with_context","loengjathau","1","11","11","83913500","33","71507700","279296","39911","23553","26400","4000","8321300","400","406500","23553","0","6","1","375000","6","1","500"
"yune","track-b-product","jyut6ping3_mobile","key_sequence_process_with_context","loengjathau","2","11","11","83086500","33","71580600","279296","39911","23553","25700","5300","7185200","200","377600","23553","0","6","1","371600","6","1","400"
"yune","track-b-product","jyut6ping3_mobile","key_sequence_process_with_context","loengjathau","3","11","11","81707000","33","69685500","279296","39911","23553","25200","3700","7970900","0","402100","23553","0","6","1","375500","6","1","500"
"yune","track-b-product","jyut6ping3_mobile","key_sequence_process_with_context","loengjathau","4","11","11","83957900","33","72656600","279296","39911","23553","25500","4500","7310400","200","370500","23553","0","6","1","367200","6","1","400"
"yune","track-b-product","jyut6ping3_mobile","key_sequence_process_with_context","loengjathau","5","11","11","80055400","33","68722800","279296","39911","23553","25500","4200","7279600","200","397300","23553","0","6","1","376000","6","1","1500"
"yune","track-b-product","jyut6ping3_mobile","key_sequence_process_with_context","loengjathau","6","11","11","81878200","33","70699200","279296","39911","23553","25600","3700","7225000","300","371100","23553","0","6","1","369900","6","1","400"
"yune","track-b-product","jyut6ping3_mobile","key_sequence_process_with_context","loengjathau","7","11","11","80301300","33","68681400","279296","39911","23553","26100","3900","7590400","500","411600","23553","0","6","1","421000","6","1","500"
"yune","track-b-product","jyut6ping3_mobile","key_sequence_process_with_context","loengjathau","8","11","11","85207000","33","72721600","279296","39911","23553","26200","3500","8357100","200","468200","23553","0","6","1","377000","6","1","400"
"yune","track-b-product","jyut6ping3_mobile","key_sequence_process_with_context","loengjathau","9","11","11","87851900","33","75155400","279296","39911","23553","26900","4100","8567700","200","424900","23553","0","6","1","382300","6","1","500"
"yune","track-b-product","jyut6ping3_mobile","key_sequence_process_with_context","loengjathau","10","11","11","84931400","33","73232800","279296","39911","23553","25500","4000","7579700","400","402900","23553","0","6","1","373700","6","1","400"
"yune","track-b-product","jyut6ping3_mobile","key_sequence_process_with_context","loengjathau","11","11","11","82639700","33","71486600","279296","39911","23553","33100","4200","7073700","300","395200","23553","0","6","1","374100","6","1","500"
"yune","track-b-product","jyut6ping3_mobile","key_sequence_process_with_context","loengjathau","12","11","11","81493900","33","69620300","279296","39911","23553","25000","3900","7832400","300","404100","23553","0","6","1","375800","6","1","500"
"yune","track-b-product","jyut6ping3_mobile","key_sequence_process_with_context","loengjathau","13","11","11","87981300","33","74811500","279296","39911","23553","25700","4300","9046500","400","418000","23553","0","6","1","395400","6","1","500"
"yune","track-b-product","jyut6ping3_mobile","key_sequence_process_with_context","loengjathau","14","11","11","83009700","33","71888700","279296","39911","23553","28400","3800","7002900","200","386000","23553","0","6","1","374000","6","1","500"
"yune","track-b-product","jyut6ping3_mobile","key_sequence_process_with_context","loengjathau","15","11","11","83282300","33","71137500","279296","39911","23553","32300","4000","8006700","300","433000","23553","0","6","1","379600","6","1","400"
"yune","track-b-product","jyut6ping3_mobile","key_sequence_process_with_context","loengjathau","16","11","11","86085100","33","73886000","279296","39911","23553","24200","4400","8021000","300","374200","23553","0","6","1","373000","6","1","500"
"yune","track-b-product","jyut6ping3_mobile","key_sequence_process_with_context","loengjathau","17","11","11","82706000","33","70681300","279296","39911","23553","25400","4000","7955200","200","391500","23553","0","6","1","374000","6","1","500"
"yune","track-b-product","jyut6ping3_mobile","key_sequence_process_with_context","loengjathau","18","11","11","81524200","33","70506100","279296","39911","23553","25800","3800","7029100","300","369800","23553","0","6","1","396100","6","1","400"
"yune","track-b-product","jyut6ping3_mobile","key_sequence_process_with_context","loengjathau","19","11","11","81293600","33","69019300","279296","39911","23553","26900","3800","8134600","200","431100","23553","0","6","1","395500","6","1","400"
"yune","track-b-product","jyut6ping3_mobile","key_sequence_process_with_context","loengjathau","20","11","11","85375800","33","73629100","279296","39911","23553","26100","3600","7684000","100","408300","23553","0","6","1","366800","6","1","500"
"yune","track-b-product","jyut6ping3_mobile","key_sequence_process_with_context","loengjathau","21","11","11","84024400","33","72238400","279296","39911","23553","26000","4700","7215900","200","418800","23553","0","6","1","374900","6","1","500"
"yune","track-b-product","jyut6ping3_mobile","key_sequence_process_with_context","loengjathau","22","11","11","82861200","33","71073900","279296","39911","23553","25700","3800","7775300","200","390400","23553","0","6","1","377200","6","1","500"
"yune","track-b-product","jyut6ping3_mobile","key_sequence_process_with_context","loengjathau","23","11","11","80458000","33","69617400","279296","39911","23553","24800","3800","6881000","200","366000","23553","0","6","1","362600","6","1","500"
"yune","track-b-product","jyut6ping3_mobile","key_sequence_process_with_context","loengjathau","24","11","11","80573600","33","68622500","279296","39911","23553","25900","3800","7948600","200","392200","23553","0","6","1","369600","6","1","400"
"yune","track-b-product","jyut6ping3_mobile","key_sequence_process_with_context","loengjathau","25","11","11","81381100","33","70247900","279296","39911","23553","25100","4200","7105100","400","370400","23553","0","6","1","377700","6","1","500"
"yune","track-b-product","jyut6ping3_mobile","key_sequence_process_with_context","loengjathau","26","11","11","79450800","33","68078600","279296","39911","23553","25400","3600","7311900","400","383100","23553","0","6","1","375000","6","1","500"
"yune","track-b-product","jyut6ping3_mobile","key_sequence_process_with_context","loengjathau","27","11","11","86768300","33","73192400","279296","39911","23553","27500","4100","9446800","500","441900","23553","0","6","1","560700","6","1","800"
"yune","track-b-product","jyut6ping3_mobile","key_sequence_process_with_context","loengjathau","28","11","11","85699900","33","74240900","279296","39911","23553","26400","4000","7204500","200","417000","23553","0","6","1","375700","6","1","500"
"yune","track-b-product","jyut6ping3_mobile","key_sequence_process_with_context","loengjathau","29","11","11","83793100","33","71859200","279296","39911","23553","25400","3300","7888400","200","398200","23553","0","6","1","375600","6","1","500"
"yune","track-b-product","jyut6ping3_mobile","key_sequence_process_with_context","loengjathau","30","11","11","85074400","33","72778400","279296","39911","23553","23300","3700","8265600","300","378900","23553","0","6","1","370700","6","1","500"
"yune","track-b-product","jyut6ping3_mobile","key_sequence_process_with_context","loengjathau","31","11","11","85447200","33","72446700","279296","39911","23553","24600","4500","8876300","100","387300","23553","0","6","1","385500","6","1","500"
"yune","track-b-product","jyut6ping3_mobile","key_sequence_process_with_context","loengjathau","32","11","11","83434500","33","72425600","279296","39911","23553","25100","3500","7025800","300","374500","23553","0","6","1","373500","6","1","500"
"yune","track-b-product","jyut6ping3_mobile","key_sequence_process_with_context","loengjathau","33","11","11","81297400","33","69731800","279296","39911","23553","25400","3200","7513800","200","411700","23553","0","6","1","376800","6","1","400"
"yune","track-b-product","jyut6ping3_mobile","key_sequence_process_with_context","loengjathau","34","11","11","85655700","33","72703200","279296","39911","23553","26500","5300","8835800","600","432000","23553","0","6","1","374000","6","1","500"
"yune","track-b-product","jyut6ping3_mobile","key_sequence_process_with_context","loengjathau","35","11","11","84295000","33","72917800","279296","39911","23553","23700","4100","7254300","200","363800","23553","0","6","1","373300","6","1","500"
"yune","track-b-product","jyut6ping3_mobile","key_sequence_process_with_context","loengjathau","36","11","11","84538900","33","72065100","279296","39911","23553","26000","3900","8352400","200","400200","23553","0","6","1","367800","6","1","500"
"yune","track-b-product","jyut6ping3_mobile","key_sequence_process_with_context","loengjathau","37","11","11","85653100","33","73650000","279296","39911","23553","25100","3800","7928900","200","393500","23553","0","6","1","366700","6","1","400"
"yune","track-b-product","jyut6ping3_mobile","key_sequence_process_with_context","loengjathau","38","11","11","83114700","33","71364700","279296","39911","23553","25300","3600","7760200","300","388200","23553","0","6","1","367700","6","1","400"
"yune","track-b-product","jyut6ping3_mobile","key_sequence_process_with_context","loengjathau","39","11","11","100123400","33","81123100","279296","39911","23553","43600","7400","13878700","200","1087800","23553","0","6","1","490400","6","1","400"
"yune","track-b-product","jyut6ping3_mobile","key_sequence_process_with_context","loengjathau","40","11","11","82050700","33","69713500","279296","39911","23553","26300","3800","8198300","500","427700","23553","0","6","1","377100","6","1","600"
"yune","track-b-product","jyut6ping3_mobile","key_sequence_process_with_context","loengjathau","41","11","11","81978000","33","70838500","279296","39911","23553","24800","3800","7142900","200","373000","23553","0","6","1","370200","6","1","500"
"yune","track-b-product","jyut6ping3_mobile","key_sequence_process_with_context","loengjathau","42","11","11","79678300","33","68490700","279296","39911","23553","25600","3800","7169900","200","383400","23553","0","6","1","372300","6","1","500"
"yune","track-b-product","jyut6ping3_mobile","key_sequence_process_with_context","loengjathau","43","11","11","84943000","33","72343800","279296","39911","23553","25400","4000","8476900","500","423900","23553","0","6","1","379400","6","1","500"
"yune","track-b-product","jyut6ping3_mobile","key_sequence_process_with_context","loengjathau","44","11","11","80913000","33","69880000","279296","39911","23553","25300","3800","6942300","100","371400","23553","0","6","1","371000","6","1","400"
"yune","track-b-product","jyut6ping3_mobile","key_sequence_process_with_context","loengjathau","45","11","11","81864700","33","69534200","279296","39911","23553","25400","4000","8197100","100","423100","23553","0","6","1","404800","6","1","500"
"yune","track-b-product","jyut6ping3_mobile","key_sequence_process_with_context","loengjathau","46","11","11","88785300","33","75767200","279296","39911","23553","28400","5600","8823000","300","429500","23553","0","6","1","395300","6","1","500"
"yune","track-b-product","jyut6ping3_mobile","key_sequence_process_with_context","loengjathau","47","11","11","83890600","33","72447600","279296","39911","23553","24500","4400","7356300","300","386100","23553","0","6","1","432800","6","1","500"
"yune","track-b-product","jyut6ping3_mobile","key_sequence_process_with_context","loengjathau","48","11","11","82615400","33","71337600","279296","39911","23553","26100","3600","7199400","100","406300","23553","0","6","1","375000","6","1","600"
"yune","track-b-product","jyut6ping3_mobile","key_sequence_process_with_context","loengjathau","49","11","11","84695600","33","72727500","279296","39911","23553","27800","3900","7948100","300","405400","23553","0","6","1","371700","6","1","500"
