"engine","track","schema_id","workload","input","sample_index","event_index","name","micros","working_set_before","working_set_after","peak_working_set_after"
"yune","track-a-comparison","luna_pinyin","startup_warm_shared_assets_runtime_ready","","0","0","runtime_setup","65","unavailable","unavailable","unavailable"
"yune","track-a-comparison","luna_pinyin","startup_warm_shared_assets_runtime_ready","","0","1","runtime_setup","8","unavailable","unavailable","unavailable"
"yune","track-a-comparison","luna_pinyin","startup_warm_shared_assets_runtime_ready","","0","2","runtime_initialize","8","unavailable","unavailable","unavailable"
"yune","track-a-comparison","luna_pinyin","startup_warm_shared_assets_runtime_ready","","0","3","schema_config_load","24962","unavailable","unavailable","unavailable"
"yune","track-a-comparison","luna_pinyin","startup_warm_shared_assets_runtime_ready","","0","4","schema_switch_options","3571","unavailable","unavailable","unavailable"
"yune","track-a-comparison","luna_pinyin","startup_warm_shared_assets_runtime_ready","","0","5","processor_install","18007","unavailable","unavailable","unavailable"
"yune","track-a-comparison","luna_pinyin","startup_warm_shared_assets_runtime_ready","","0","6","schema_config_load","1534","unavailable","unavailable","unavailable"
"yune","track-a-comparison","luna_pinyin","startup_warm_shared_assets_runtime_ready","","0","7","compiled_table_load","45","unavailable","unavailable","unavailable"
"yune","track-a-comparison","luna_pinyin","startup_warm_shared_assets_runtime_ready","","0","8","compiled_prism_load","48","unavailable","unavailable","unavailable"
"yune","track-a-comparison","luna_pinyin","startup_warm_shared_assets_runtime_ready","","0","9","compiled_reverse_load","83","unavailable","unavailable","unavailable"
"yune","track-a-comparison","luna_pinyin","startup_warm_shared_assets_runtime_ready","","0","10","compiled_prism_load","28","unavailable","unavailable","unavailable"
"yune","track-a-comparison","luna_pinyin","startup_warm_shared_assets_runtime_ready","","0","11","compiled_reverse_load","0","unavailable","unavailable","unavailable"
"yune","track-a-comparison","luna_pinyin","startup_warm_shared_assets_runtime_ready","","0","12","compiled_table_dictionary_parse","9707","unavailable","unavailable","unavailable"
"yune","track-a-comparison","luna_pinyin","startup_warm_shared_assets_runtime_ready","","0","13","compiled_table_compact_parse","286","unavailable","unavailable","unavailable"
"yune","track-a-comparison","luna_pinyin","startup_warm_shared_assets_runtime_ready","","0","14","translator_index_build","24","unavailable","unavailable","unavailable"
"yune","track-a-comparison","luna_pinyin","startup_warm_shared_assets_runtime_ready","","0","15","spelling_algebra_expand","274","unavailable","unavailable","unavailable"
"yune","track-a-comparison","luna_pinyin","startup_warm_shared_assets_runtime_ready","","0","16","translator_install","34671","unavailable","unavailable","unavailable"
"yune","track-a-comparison","luna_pinyin","startup_warm_shared_assets_runtime_ready","","0","17","schema_config_load","1613","unavailable","unavailable","unavailable"
"yune","track-a-comparison","luna_pinyin","startup_warm_shared_assets_runtime_ready","","0","18","filter_install","1698","unavailable","unavailable","unavailable"
"yune","track-a-comparison","luna_pinyin","startup_warm_shared_assets_runtime_ready","","0","19","userdb_open_or_sync","27","unavailable","unavailable","unavailable"
"yune","track-a-comparison","luna_pinyin","startup_warm_shared_assets_runtime_ready","","0","20","session_create","90338","unavailable","unavailable","unavailable"
"yune","track-a-comparison","luna_pinyin","startup_warm_shared_assets_runtime_ready","","0","21","schema_select","114","unavailable","unavailable","unavailable"
"yune","track-a-comparison","luna_pinyin","startup_warm_shared_assets_runtime_ready","","0","22","session_destroy","407","unavailable","unavailable","unavailable"
"yune","track-a-comparison","luna_pinyin","startup_warm_shared_assets_runtime_ready","","0","23","runtime_finalize","2","unavailable","unavailable","unavailable"
"yune","track-a-comparison","luna_pinyin","startup_warm_shared_assets_runtime_ready","","1","0","runtime_setup","14","unavailable","unavailable","unavailable"
"yune","track-a-comparison","luna_pinyin","startup_warm_shared_assets_runtime_ready","","1","1","runtime_setup","6","unavailable","unavailable","unavailable"
"yune","track-a-comparison","luna_pinyin","startup_warm_shared_assets_runtime_ready","","1","2","runtime_initialize","6","unavailable","unavailable","unavailable"
"yune","track-a-comparison","luna_pinyin","startup_warm_shared_assets_runtime_ready","","1","3","schema_config_load","3026","unavailable","unavailable","unavailable"
"yune","track-a-comparison","luna_pinyin","startup_warm_shared_assets_runtime_ready","","1","4","schema_switch_options","3145","unavailable","unavailable","unavailable"
"yune","track-a-comparison","luna_pinyin","startup_warm_shared_assets_runtime_ready","","1","5","processor_install","16613","unavailable","unavailable","unavailable"
"yune","track-a-comparison","luna_pinyin","startup_warm_shared_assets_runtime_ready","","1","6","schema_config_load","1475","unavailable","unavailable","unavailable"
"yune","track-a-comparison","luna_pinyin","startup_warm_shared_assets_runtime_ready","","1","7","translator_install","3149","unavailable","unavailable","unavailable"
"yune","track-a-comparison","luna_pinyin","startup_warm_shared_assets_runtime_ready","","1","8","schema_config_load","1333","unavailable","unavailable","unavailable"
"yune","track-a-comparison","luna_pinyin","startup_warm_shared_assets_runtime_ready","","1","9","filter_install","1452","unavailable","unavailable","unavailable"
"yune","track-a-comparison","luna_pinyin","startup_warm_shared_assets_runtime_ready","","1","10","userdb_open_or_sync","15","unavailable","unavailable","unavailable"
"yune","track-a-comparison","luna_pinyin","startup_warm_shared_assets_runtime_ready","","1","11","session_create","29437","unavailable","unavailable","unavailable"
"yune","track-a-comparison","luna_pinyin","startup_warm_shared_assets_runtime_ready","","1","12","schema_select","106","unavailable","unavailable","unavailable"
"yune","track-a-comparison","luna_pinyin","startup_warm_shared_assets_runtime_ready","","1","13","session_destroy","291","unavailable","unavailable","unavailable"
"yune","track-a-comparison","luna_pinyin","startup_warm_shared_assets_runtime_ready","","1","14","runtime_finalize","0","unavailable","unavailable","unavailable"
"yune","track-a-comparison","luna_pinyin","startup_warm_shared_assets_runtime_ready","","2","0","runtime_setup","12","unavailable","unavailable","unavailable"
"yune","track-a-comparison","luna_pinyin","startup_warm_shared_assets_runtime_ready","","2","1","runtime_setup","6","unavailable","unavailable","unavailable"
"yune","track-a-comparison","luna_pinyin","startup_warm_shared_assets_runtime_ready","","2","2","runtime_initialize","6","unavailable","unavailable","unavailable"
"yune","track-a-comparison","luna_pinyin","startup_warm_shared_assets_runtime_ready","","2","3","schema_config_load","2941","unavailable","unavailable","unavailable"
"yune","track-a-comparison","luna_pinyin","startup_warm_shared_assets_runtime_ready","","2","4","schema_switch_options","3092","unavailable","unavailable","unavailable"
"yune","track-a-comparison","luna_pinyin","startup_warm_shared_assets_runtime_ready","","2","5","processor_install","16200","unavailable","unavailable","unavailable"
"yune","track-a-comparison","luna_pinyin","startup_warm_shared_assets_runtime_ready","","2","6","schema_config_load","1505","unavailable","unavailable","unavailable"
"yune","track-a-comparison","luna_pinyin","startup_warm_shared_assets_runtime_ready","","2","7","translator_install","3232","unavailable","unavailable","unavailable"
"yune","track-a-comparison","luna_pinyin","startup_warm_shared_assets_runtime_ready","","2","8","schema_config_load","1392","unavailable","unavailable","unavailable"
"yune","track-a-comparison","luna_pinyin","startup_warm_shared_assets_runtime_ready","","2","9","filter_install","1520","unavailable","unavailable","unavailable"
"yune","track-a-comparison","luna_pinyin","startup_warm_shared_assets_runtime_ready","","2","10","userdb_open_or_sync","26","unavailable","unavailable","unavailable"
"yune","track-a-comparison","luna_pinyin","startup_warm_shared_assets_runtime_ready","","2","11","session_create","28991","unavailable","unavailable","unavailable"
"yune","track-a-comparison","luna_pinyin","startup_warm_shared_assets_runtime_ready","","2","12","schema_select","106","unavailable","unavailable","unavailable"
"yune","track-a-comparison","luna_pinyin","startup_warm_shared_assets_runtime_ready","","2","13","session_destroy","309","unavailable","unavailable","unavailable"
"yune","track-a-comparison","luna_pinyin","startup_warm_shared_assets_runtime_ready","","2","14","runtime_finalize","0","unavailable","unavailable","unavailable"
"yune","track-a-comparison","luna_pinyin","startup_warm_shared_assets_runtime_ready","","3","0","runtime_setup","13","unavailable","unavailable","unavailable"
"yune","track-a-comparison","luna_pinyin","startup_warm_shared_assets_runtime_ready","","3","1","runtime_setup","6","unavailable","unavailable","unavailable"
"yune","track-a-comparison","luna_pinyin","startup_warm_shared_assets_runtime_ready","","3","2","runtime_initialize","6","unavailable","unavailable","unavailable"
"yune","track-a-comparison","luna_pinyin","startup_warm_shared_assets_runtime_ready","","3","3","schema_config_load","3003","unavailable","unavailable","unavailable"
"yune","track-a-comparison","luna_pinyin","startup_warm_shared_assets_runtime_ready","","3","4","schema_switch_options","3082","unavailable","unavailable","unavailable"
"yune","track-a-comparison","luna_pinyin","startup_warm_shared_assets_runtime_ready","","3","5","processor_install","17546","unavailable","unavailable","unavailable"
"yune","track-a-comparison","luna_pinyin","startup_warm_shared_assets_runtime_ready","","3","6","schema_config_load","1503","unavailable","unavailable","unavailable"
"yune","track-a-comparison","luna_pinyin","startup_warm_shared_assets_runtime_ready","","3","7","translator_install","3303","unavailable","unavailable","unavailable"
"yune","track-a-comparison","luna_pinyin","startup_warm_shared_assets_runtime_ready","","3","8","schema_config_load","1377","unavailable","unavailable","unavailable"
"yune","track-a-comparison","luna_pinyin","startup_warm_shared_assets_runtime_ready","","3","9","filter_install","1518","unavailable","unavailable","unavailable"
"yune","track-a-comparison","luna_pinyin","startup_warm_shared_assets_runtime_ready","","3","10","userdb_open_or_sync","15","unavailable","unavailable","unavailable"
"yune","track-a-comparison","luna_pinyin","startup_warm_shared_assets_runtime_ready","","3","11","session_create","30422","unavailable","unavailable","unavailable"
"yune","track-a-comparison","luna_pinyin","startup_warm_shared_assets_runtime_ready","","3","12","schema_select","115","unavailable","unavailable","unavailable"
"yune","track-a-comparison","luna_pinyin","startup_warm_shared_assets_runtime_ready","","3","13","session_destroy","325","unavailable","unavailable","unavailable"
"yune","track-a-comparison","luna_pinyin","startup_warm_shared_assets_runtime_ready","","3","14","runtime_finalize","0","unavailable","unavailable","unavailable"
"yune","track-a-comparison","luna_pinyin","startup_warm_shared_assets_runtime_ready","","4","0","runtime_setup","12","unavailable","unavailable","unavailable"
"yune","track-a-comparison","luna_pinyin","startup_warm_shared_assets_runtime_ready","","4","1","runtime_setup","5","unavailable","unavailable","unavailable"
"yune","track-a-comparison","luna_pinyin","startup_warm_shared_assets_runtime_ready","","4","2","runtime_initialize","5","unavailable","unavailable","unavailable"
"yune","track-a-comparison","luna_pinyin","startup_warm_shared_assets_runtime_ready","","4","3","schema_config_load","3038","unavailable","unavailable","unavailable"
"yune","track-a-comparison","luna_pinyin","startup_warm_shared_assets_runtime_ready","","4","4","schema_switch_options","3181","unavailable","unavailable","unavailable"
"yune","track-a-comparison","luna_pinyin","startup_warm_shared_assets_runtime_ready","","4","5","processor_install","16387","unavailable","unavailable","unavailable"
"yune","track-a-comparison","luna_pinyin","startup_warm_shared_assets_runtime_ready","","4","6","schema_config_load","1501","unavailable","unavailable","unavailable"
"yune","track-a-comparison","luna_pinyin","startup_warm_shared_assets_runtime_ready","","4","7","translator_install","3185","unavailable","unavailable","unavailable"
"yune","track-a-comparison","luna_pinyin","startup_warm_shared_assets_runtime_ready","","4","8","schema_config_load","1358","unavailable","unavailable","unavailable"
"yune","track-a-comparison","luna_pinyin","startup_warm_shared_assets_runtime_ready","","4","9","filter_install","1492","unavailable","unavailable","unavailable"
"yune","track-a-comparison","luna_pinyin","startup_warm_shared_assets_runtime_ready","","4","10","userdb_open_or_sync","15","unavailable","unavailable","unavailable"
"yune","track-a-comparison","luna_pinyin","startup_warm_shared_assets_runtime_ready","","4","11","session_create","29268","unavailable","unavailable","unavailable"
"yune","track-a-comparison","luna_pinyin","startup_warm_shared_assets_runtime_ready","","4","12","schema_select","104","unavailable","unavailable","unavailable"
"yune","track-a-comparison","luna_pinyin","startup_warm_shared_assets_runtime_ready","","4","13","session_destroy","297","unavailable","unavailable","unavailable"
"yune","track-a-comparison","luna_pinyin","startup_warm_shared_assets_runtime_ready","","4","14","runtime_finalize","0","unavailable","unavailable","unavailable"
"yune","track-a-comparison","luna_pinyin","session_create_select_destroy","","0","0","schema_config_load","2980","unavailable","unavailable","unavailable"
"yune","track-a-comparison","luna_pinyin","session_create_select_destroy","","0","1","schema_switch_options","3129","unavailable","unavailable","unavailable"
"yune","track-a-comparison","luna_pinyin","session_create_select_destroy","","0","2","processor_install","16057","unavailable","unavailable","unavailable"
"yune","track-a-comparison","luna_pinyin","session_create_select_destroy","","0","3","schema_config_load","1456","unavailable","unavailable","unavailable"
"yune","track-a-comparison","luna_pinyin","session_create_select_destroy","","0","4","translator_install","2957","unavailable","unavailable","unavailable"
"yune","track-a-comparison","luna_pinyin","session_create_select_destroy","","0","5","schema_config_load","1337","unavailable","unavailable","unavailable"
"yune","track-a-comparison","luna_pinyin","session_create_select_destroy","","0","6","filter_install","1467","unavailable","unavailable","unavailable"
"yune","track-a-comparison","luna_pinyin","session_create_select_destroy","","0","7","userdb_open_or_sync","14","unavailable","unavailable","unavailable"
"yune","track-a-comparison","luna_pinyin","session_create_select_destroy","","0","8","session_create","28633","unavailable","unavailable","unavailable"
"yune","track-a-comparison","luna_pinyin","session_create_select_destroy","","0","9","schema_select","107","unavailable","unavailable","unavailable"
"yune","track-a-comparison","luna_pinyin","session_create_select_destroy","","0","10","session_destroy","292","unavailable","unavailable","unavailable"
"yune","track-a-comparison","luna_pinyin","session_create_select_destroy","","1","0","schema_config_load","3160","unavailable","unavailable","unavailable"
"yune","track-a-comparison","luna_pinyin","session_create_select_destroy","","1","1","schema_switch_options","3343","unavailable","unavailable","unavailable"
"yune","track-a-comparison","luna_pinyin","session_create_select_destroy","","1","2","processor_install","16264","unavailable","unavailable","unavailable"
"yune","track-a-comparison","luna_pinyin","session_create_select_destroy","","1","3","schema_config_load","1489","unavailable","unavailable","unavailable"
"yune","track-a-comparison","luna_pinyin","session_create_select_destroy","","1","4","translator_install","3187","unavailable","unavailable","unavailable"
"yune","track-a-comparison","luna_pinyin","session_create_select_destroy","","1","5","schema_config_load","1424","unavailable","unavailable","unavailable"
"yune","track-a-comparison","luna_pinyin","session_create_select_destroy","","1","6","filter_install","1489","unavailable","unavailable","unavailable"
"yune","track-a-comparison","luna_pinyin","session_create_select_destroy","","1","7","userdb_open_or_sync","15","unavailable","unavailable","unavailable"
"yune","track-a-comparison","luna_pinyin","session_create_select_destroy","","1","8","session_create","29427","unavailable","unavailable","unavailable"
"yune","track-a-comparison","luna_pinyin","session_create_select_destroy","","1","9","schema_select","105","unavailable","unavailable","unavailable"
"yune","track-a-comparison","luna_pinyin","session_create_select_destroy","","1","10","session_destroy","286","unavailable","unavailable","unavailable"
"yune","track-a-comparison","luna_pinyin","session_create_select_destroy","","2","0","schema_config_load","3185","unavailable","unavailable","unavailable"
"yune","track-a-comparison","luna_pinyin","session_create_select_destroy","","2","1","schema_switch_options","3076","unavailable","unavailable","unavailable"
"yune","track-a-comparison","luna_pinyin","session_create_select_destroy","","2","2","processor_install","16031","unavailable","unavailable","unavailable"
"yune","track-a-comparison","luna_pinyin","session_create_select_destroy","","2","3","schema_config_load","1530","unavailable","unavailable","unavailable"
"yune","track-a-comparison","luna_pinyin","session_create_select_destroy","","2","4","translator_install","3196","unavailable","unavailable","unavailable"
"yune","track-a-comparison","luna_pinyin","session_create_select_destroy","","2","5","schema_config_load","1368","unavailable","unavailable","unavailable"
"yune","track-a-comparison","luna_pinyin","session_create_select_destroy","","2","6","filter_install","1494","unavailable","unavailable","unavailable"
"yune","track-a-comparison","luna_pinyin","session_create_select_destroy","","2","7","userdb_open_or_sync","16","unavailable","unavailable","unavailable"
"yune","track-a-comparison","luna_pinyin","session_create_select_destroy","","2","8","session_create","28960","unavailable","unavailable","unavailable"
"yune","track-a-comparison","luna_pinyin","session_create_select_destroy","","2","9","schema_select","106","unavailable","unavailable","unavailable"
"yune","track-a-comparison","luna_pinyin","session_create_select_destroy","","2","10","session_destroy","290","unavailable","unavailable","unavailable"
"yune","track-a-comparison","luna_pinyin","session_create_select_destroy","","3","0","schema_config_load","2994","unavailable","unavailable","unavailable"
"yune","track-a-comparison","luna_pinyin","session_create_select_destroy","","3","1","schema_switch_options","3126","unavailable","unavailable","unavailable"
"yune","track-a-comparison","luna_pinyin","session_create_select_destroy","","3","2","processor_install","16103","unavailable","unavailable","unavailable"
"yune","track-a-comparison","luna_pinyin","session_create_select_destroy","","3","3","schema_config_load","1428","unavailable","unavailable","unavailable"
"yune","track-a-comparison","luna_pinyin","session_create_select_destroy","","3","4","translator_install","3033","unavailable","unavailable","unavailable"
"yune","track-a-comparison","luna_pinyin","session_create_select_destroy","","3","5","schema_config_load","1337","unavailable","unavailable","unavailable"
"yune","track-a-comparison","luna_pinyin","session_create_select_destroy","","3","6","filter_install","1498","unavailable","unavailable","unavailable"
"yune","track-a-comparison","luna_pinyin","session_create_select_destroy","","3","7","userdb_open_or_sync","20","unavailable","unavailable","unavailable"
"yune","track-a-comparison","luna_pinyin","session_create_select_destroy","","3","8","session_create","28913","unavailable","unavailable","unavailable"
"yune","track-a-comparison","luna_pinyin","session_create_select_destroy","","3","9","schema_select","112","unavailable","unavailable","unavailable"
"yune","track-a-comparison","luna_pinyin","session_create_select_destroy","","3","10","session_destroy","371","unavailable","unavailable","unavailable"
"yune","track-a-comparison","luna_pinyin","session_create_select_destroy","","4","0","schema_config_load","3005","unavailable","unavailable","unavailable"
"yune","track-a-comparison","luna_pinyin","session_create_select_destroy","","4","1","schema_switch_options","3142","unavailable","unavailable","unavailable"
"yune","track-a-comparison","luna_pinyin","session_create_select_destroy","","4","2","processor_install","15979","unavailable","unavailable","unavailable"
"yune","track-a-comparison","luna_pinyin","session_create_select_destroy","","4","3","schema_config_load","1421","unavailable","unavailable","unavailable"
"yune","track-a-comparison","luna_pinyin","session_create_select_destroy","","4","4","translator_install","3025","unavailable","unavailable","unavailable"
"yune","track-a-comparison","luna_pinyin","session_create_select_destroy","","4","5","schema_config_load","1302","unavailable","unavailable","unavailable"
"yune","track-a-comparison","luna_pinyin","session_create_select_destroy","","4","6","filter_install","1449","unavailable","unavailable","unavailable"
"yune","track-a-comparison","luna_pinyin","session_create_select_destroy","","4","7","userdb_open_or_sync","16","unavailable","unavailable","unavailable"
"yune","track-a-comparison","luna_pinyin","session_create_select_destroy","","4","8","session_create","28726","unavailable","unavailable","unavailable"
"yune","track-a-comparison","luna_pinyin","session_create_select_destroy","","4","9","schema_select","106","unavailable","unavailable","unavailable"
"yune","track-a-comparison","luna_pinyin","session_create_select_destroy","","4","10","session_destroy","292","unavailable","unavailable","unavailable"
"yune","track-a-comparison","luna_pinyin","session_create_select_destroy","","5","0","schema_config_load","2997","unavailable","unavailable","unavailable"
"yune","track-a-comparison","luna_pinyin","session_create_select_destroy","","5","1","schema_switch_options","3082","unavailable","unavailable","unavailable"
"yune","track-a-comparison","luna_pinyin","session_create_select_destroy","","5","2","processor_install","16138","unavailable","unavailable","unavailable"
"yune","track-a-comparison","luna_pinyin","session_create_select_destroy","","5","3","schema_config_load","1549","unavailable","unavailable","unavailable"
"yune","track-a-comparison","luna_pinyin","session_create_select_destroy","","5","4","translator_install","3263","unavailable","unavailable","unavailable"
"yune","track-a-comparison","luna_pinyin","session_create_select_destroy","","5","5","schema_config_load","1381","unavailable","unavailable","unavailable"
"yune","track-a-comparison","luna_pinyin","session_create_select_destroy","","5","6","filter_install","1524","unavailable","unavailable","unavailable"
"yune","track-a-comparison","luna_pinyin","session_create_select_destroy","","5","7","userdb_open_or_sync","17","unavailable","unavailable","unavailable"
"yune","track-a-comparison","luna_pinyin","session_create_select_destroy","","5","8","session_create","28997","unavailable","unavailable","unavailable"
"yune","track-a-comparison","luna_pinyin","session_create_select_destroy","","5","9","schema_select","120","unavailable","unavailable","unavailable"
"yune","track-a-comparison","luna_pinyin","session_create_select_destroy","","5","10","session_destroy","296","unavailable","unavailable","unavailable"
"yune","track-a-comparison","luna_pinyin","session_create_select_destroy","","6","0","schema_config_load","2888","unavailable","unavailable","unavailable"
"yune","track-a-comparison","luna_pinyin","session_create_select_destroy","","6","1","schema_switch_options","3082","unavailable","unavailable","unavailable"
"yune","track-a-comparison","luna_pinyin","session_create_select_destroy","","6","2","processor_install","15769","unavailable","unavailable","unavailable"
"yune","track-a-comparison","luna_pinyin","session_create_select_destroy","","6","3","schema_config_load","1476","unavailable","unavailable","unavailable"
"yune","track-a-comparison","luna_pinyin","session_create_select_destroy","","6","4","translator_install","3165","unavailable","unavailable","unavailable"
"yune","track-a-comparison","luna_pinyin","session_create_select_destroy","","6","5","schema_config_load","1347","unavailable","unavailable","unavailable"
"yune","track-a-comparison","luna_pinyin","session_create_select_destroy","","6","6","filter_install","1493","unavailable","unavailable","unavailable"
"yune","track-a-comparison","luna_pinyin","session_create_select_destroy","","6","7","userdb_open_or_sync","19","unavailable","unavailable","unavailable"
"yune","track-a-comparison","luna_pinyin","session_create_select_destroy","","6","8","session_create","28419","unavailable","unavailable","unavailable"
"yune","track-a-comparison","luna_pinyin","session_create_select_destroy","","6","9","schema_select","104","unavailable","unavailable","unavailable"
"yune","track-a-comparison","luna_pinyin","session_create_select_destroy","","6","10","session_destroy","289","unavailable","unavailable","unavailable"
"yune","track-a-comparison","luna_pinyin","session_create_select_destroy","","7","0","schema_config_load","2952","unavailable","unavailable","unavailable"
"yune","track-a-comparison","luna_pinyin","session_create_select_destroy","","7","1","schema_switch_options","3136","unavailable","unavailable","unavailable"
"yune","track-a-comparison","luna_pinyin","session_create_select_destroy","","7","2","processor_install","15794","unavailable","unavailable","unavailable"
"yune","track-a-comparison","luna_pinyin","session_create_select_destroy","","7","3","schema_config_load","1268","unavailable","unavailable","unavailable"
"yune","track-a-comparison","luna_pinyin","session_create_select_destroy","","7","4","translator_install","2850","unavailable","unavailable","unavailable"
"yune","track-a-comparison","luna_pinyin","session_create_select_destroy","","7","5","schema_config_load","1284","unavailable","unavailable","unavailable"
"yune","track-a-comparison","luna_pinyin","session_create_select_destroy","","7","6","filter_install","1354","unavailable","unavailable","unavailable"
"yune","track-a-comparison","luna_pinyin","session_create_select_destroy","","7","7","userdb_open_or_sync","14","unavailable","unavailable","unavailable"
"yune","track-a-comparison","luna_pinyin","session_create_select_destroy","","7","8","session_create","28089","unavailable","unavailable","unavailable"
"yune","track-a-comparison","luna_pinyin","session_create_select_destroy","","7","9","schema_select","105","unavailable","unavailable","unavailable"
"yune","track-a-comparison","luna_pinyin","session_create_select_destroy","","7","10","session_destroy","362","unavailable","unavailable","unavailable"
"yune","track-a-comparison","luna_pinyin","session_create_select_destroy","","8","0","schema_config_load","3040","unavailable","unavailable","unavailable"
"yune","track-a-comparison","luna_pinyin","session_create_select_destroy","","8","1","schema_switch_options","3150","unavailable","unavailable","unavailable"
"yune","track-a-comparison","luna_pinyin","session_create_select_destroy","","8","2","processor_install","15857","unavailable","unavailable","unavailable"
"yune","track-a-comparison","luna_pinyin","session_create_select_destroy","","8","3","schema_config_load","1444","unavailable","unavailable","unavailable"
"yune","track-a-comparison","luna_pinyin","session_create_select_destroy","","8","4","translator_install","3028","unavailable","unavailable","unavailable"
"yune","track-a-comparison","luna_pinyin","session_create_select_destroy","","8","5","schema_config_load","1297","unavailable","unavailable","unavailable"
"yune","track-a-comparison","luna_pinyin","session_create_select_destroy","","8","6","filter_install","1360","unavailable","unavailable","unavailable"
"yune","track-a-comparison","luna_pinyin","session_create_select_destroy","","8","7","userdb_open_or_sync","26","unavailable","unavailable","unavailable"
"yune","track-a-comparison","luna_pinyin","session_create_select_destroy","","8","8","session_create","28439","unavailable","unavailable","unavailable"
"yune","track-a-comparison","luna_pinyin","session_create_select_destroy","","8","9","schema_select","105","unavailable","unavailable","unavailable"
"yune","track-a-comparison","luna_pinyin","session_create_select_destroy","","8","10","session_destroy","372","unavailable","unavailable","unavailable"
"yune","track-a-comparison","luna_pinyin","session_create_select_destroy","","9","0","schema_config_load","2981","unavailable","unavailable","unavailable"
"yune","track-a-comparison","luna_pinyin","session_create_select_destroy","","9","1","schema_switch_options","3254","unavailable","unavailable","unavailable"
"yune","track-a-comparison","luna_pinyin","session_create_select_destroy","","9","2","processor_install","16230","unavailable","unavailable","unavailable"
"yune","track-a-comparison","luna_pinyin","session_create_select_destroy","","9","3","schema_config_load","1500","unavailable","unavailable","unavailable"
"yune","track-a-comparison","luna_pinyin","session_create_select_destroy","","9","4","translator_install","3118","unavailable","unavailable","unavailable"
"yune","track-a-comparison","luna_pinyin","session_create_select_destroy","","9","5","schema_config_load","1320","unavailable","unavailable","unavailable"
"yune","track-a-comparison","luna_pinyin","session_create_select_destroy","","9","6","filter_install","1383","unavailable","unavailable","unavailable"
"yune","track-a-comparison","luna_pinyin","session_create_select_destroy","","9","7","userdb_open_or_sync","16","unavailable","unavailable","unavailable"
"yune","track-a-comparison","luna_pinyin","session_create_select_destroy","","9","8","session_create","28955","unavailable","unavailable","unavailable"
"yune","track-a-comparison","luna_pinyin","session_create_select_destroy","","9","9","schema_select","105","unavailable","unavailable","unavailable"
"yune","track-a-comparison","luna_pinyin","session_create_select_destroy","","9","10","session_destroy","379","unavailable","unavailable","unavailable"
"yune","track-b-product","jyut6ping3_mobile","startup_warm_shared_assets_runtime_ready","","0","0","runtime_setup","62","unavailable","unavailable","unavailable"
"yune","track-b-product","jyut6ping3_mobile","startup_warm_shared_assets_runtime_ready","","0","1","runtime_setup","12","unavailable","unavailable","unavailable"
"yune","track-b-product","jyut6ping3_mobile","startup_warm_shared_assets_runtime_ready","","0","2","runtime_initialize","12","unavailable","unavailable","unavailable"
"yune","track-b-product","jyut6ping3_mobile","startup_warm_shared_assets_runtime_ready","","0","3","schema_config_load","12475","unavailable","unavailable","unavailable"
"yune","track-b-product","jyut6ping3_mobile","startup_warm_shared_assets_runtime_ready","","0","4","schema_switch_options","1359","unavailable","unavailable","unavailable"
"yune","track-b-product","jyut6ping3_mobile","startup_warm_shared_assets_runtime_ready","","0","5","processor_install","5415","unavailable","unavailable","unavailable"
"yune","track-b-product","jyut6ping3_mobile","startup_warm_shared_assets_runtime_ready","","0","6","schema_config_load","413","unavailable","unavailable","unavailable"
"yune","track-b-product","jyut6ping3_mobile","startup_warm_shared_assets_runtime_ready","","0","7","compiled_table_load","33","unavailable","unavailable","unavailable"
"yune","track-b-product","jyut6ping3_mobile","startup_warm_shared_assets_runtime_ready","","0","8","compiled_prism_load","296","unavailable","unavailable","unavailable"
"yune","track-b-product","jyut6ping3_mobile","startup_warm_shared_assets_runtime_ready","","0","9","compiled_reverse_load","165","unavailable","unavailable","unavailable"
"yune","track-b-product","jyut6ping3_mobile","startup_warm_shared_assets_runtime_ready","","0","10","compiled_prism_load","1426","unavailable","unavailable","unavailable"
"yune","track-b-product","jyut6ping3_mobile","startup_warm_shared_assets_runtime_ready","","0","11","compiled_reverse_load","4083","unavailable","unavailable","unavailable"
"yune","track-b-product","jyut6ping3_mobile","startup_warm_shared_assets_runtime_ready","","0","12","compiled_table_dictionary_parse","6708","unavailable","unavailable","unavailable"
"yune","track-b-product","jyut6ping3_mobile","startup_warm_shared_assets_runtime_ready","","0","13","translator_index_build","17653","unavailable","unavailable","unavailable"
"yune","track-b-product","jyut6ping3_mobile","startup_warm_shared_assets_runtime_ready","","0","14","spelling_algebra_expand","14749","unavailable","unavailable","unavailable"
"yune","track-b-product","jyut6ping3_mobile","startup_warm_shared_assets_runtime_ready","","0","15","translator_install","49138","unavailable","unavailable","unavailable"
"yune","track-b-product","jyut6ping3_mobile","startup_warm_shared_assets_runtime_ready","","0","16","schema_config_load","511","unavailable","unavailable","unavailable"
"yune","track-b-product","jyut6ping3_mobile","startup_warm_shared_assets_runtime_ready","","0","17","filter_install","62693","unavailable","unavailable","unavailable"
"yune","track-b-product","jyut6ping3_mobile","startup_warm_shared_assets_runtime_ready","","0","18","userdb_open_or_sync","64","unavailable","unavailable","unavailable"
"yune","track-b-product","jyut6ping3_mobile","startup_warm_shared_assets_runtime_ready","","0","19","session_create","143578","unavailable","unavailable","unavailable"
"yune","track-b-product","jyut6ping3_mobile","startup_warm_shared_assets_runtime_ready","","0","20","schema_config_load","22795","unavailable","unavailable","unavailable"
"yune","track-b-product","jyut6ping3_mobile","startup_warm_shared_assets_runtime_ready","","0","21","schema_switch_options","885","unavailable","unavailable","unavailable"
"yune","track-b-product","jyut6ping3_mobile","startup_warm_shared_assets_runtime_ready","","0","22","processor_install","3878","unavailable","unavailable","unavailable"
"yune","track-b-product","jyut6ping3_mobile","startup_warm_shared_assets_runtime_ready","","0","23","schema_config_load","302","unavailable","unavailable","unavailable"
"yune","track-b-product","jyut6ping3_mobile","startup_warm_shared_assets_runtime_ready","","0","24","compiled_table_load","35","unavailable","unavailable","unavailable"
"yune","track-b-product","jyut6ping3_mobile","startup_warm_shared_assets_runtime_ready","","0","25","compiled_prism_load","95","unavailable","unavailable","unavailable"
"yune","track-b-product","jyut6ping3_mobile","startup_warm_shared_assets_runtime_ready","","0","26","compiled_reverse_load","41","unavailable","unavailable","unavailable"
"yune","track-b-product","jyut6ping3_mobile","startup_warm_shared_assets_runtime_ready","","0","27","source_dictionary_parse_if_any","128968","unavailable","unavailable","unavailable"
"yune","track-b-product","jyut6ping3_mobile","startup_warm_shared_assets_runtime_ready","","0","28","translator_index_build","125720","unavailable","unavailable","unavailable"
"yune","track-b-product","jyut6ping3_mobile","startup_warm_shared_assets_runtime_ready","","0","29","spelling_algebra_expand","4774823","unavailable","unavailable","unavailable"
"yune","track-b-product","jyut6ping3_mobile","startup_warm_shared_assets_runtime_ready","","0","30","source_dictionary_parse_if_any","42174","unavailable","unavailable","unavailable"
"yune","track-b-product","jyut6ping3_mobile","startup_warm_shared_assets_runtime_ready","","0","31","translator_index_build","20136","unavailable","unavailable","unavailable"
"yune","track-b-product","jyut6ping3_mobile","startup_warm_shared_assets_runtime_ready","","0","32","spelling_algebra_expand","136553","unavailable","unavailable","unavailable"
"yune","track-b-product","jyut6ping3_mobile","startup_warm_shared_assets_runtime_ready","","0","33","translator_install","5238365","unavailable","unavailable","unavailable"
"yune","track-b-product","jyut6ping3_mobile","startup_warm_shared_assets_runtime_ready","","0","34","schema_config_load","530","unavailable","unavailable","unavailable"
"yune","track-b-product","jyut6ping3_mobile","startup_warm_shared_assets_runtime_ready","","0","35","filter_install","59455","unavailable","unavailable","unavailable"
"yune","track-b-product","jyut6ping3_mobile","startup_warm_shared_assets_runtime_ready","","0","36","userdb_open_or_sync","39","unavailable","unavailable","unavailable"
"yune","track-b-product","jyut6ping3_mobile","startup_warm_shared_assets_runtime_ready","","0","37","schema_select","5365971","unavailable","unavailable","unavailable"
"yune","track-b-product","jyut6ping3_mobile","startup_warm_shared_assets_runtime_ready","","0","38","session_destroy","27435","unavailable","unavailable","unavailable"
"yune","track-b-product","jyut6ping3_mobile","startup_warm_shared_assets_runtime_ready","","0","39","runtime_finalize","6","unavailable","unavailable","unavailable"
"yune","track-b-product","jyut6ping3_mobile","startup_warm_shared_assets_runtime_ready","","1","0","runtime_setup","34","unavailable","unavailable","unavailable"
"yune","track-b-product","jyut6ping3_mobile","startup_warm_shared_assets_runtime_ready","","1","1","runtime_setup","7","unavailable","unavailable","unavailable"
"yune","track-b-product","jyut6ping3_mobile","startup_warm_shared_assets_runtime_ready","","1","2","runtime_initialize","7","unavailable","unavailable","unavailable"
"yune","track-b-product","jyut6ping3_mobile","startup_warm_shared_assets_runtime_ready","","1","3","schema_config_load","825","unavailable","unavailable","unavailable"
"yune","track-b-product","jyut6ping3_mobile","startup_warm_shared_assets_runtime_ready","","1","4","schema_switch_options","659","unavailable","unavailable","unavailable"
"yune","track-b-product","jyut6ping3_mobile","startup_warm_shared_assets_runtime_ready","","1","5","processor_install","3859","unavailable","unavailable","unavailable"
"yune","track-b-product","jyut6ping3_mobile","startup_warm_shared_assets_runtime_ready","","1","6","schema_config_load","303","unavailable","unavailable","unavailable"
"yune","track-b-product","jyut6ping3_mobile","startup_warm_shared_assets_runtime_ready","","1","7","translator_install","754","unavailable","unavailable","unavailable"
"yune","track-b-product","jyut6ping3_mobile","startup_warm_shared_assets_runtime_ready","","1","8","schema_config_load","323","unavailable","unavailable","unavailable"
"yune","track-b-product","jyut6ping3_mobile","startup_warm_shared_assets_runtime_ready","","1","9","filter_install","51973","unavailable","unavailable","unavailable"
"yune","track-b-product","jyut6ping3_mobile","startup_warm_shared_assets_runtime_ready","","1","10","userdb_open_or_sync","41","unavailable","unavailable","unavailable"
"yune","track-b-product","jyut6ping3_mobile","startup_warm_shared_assets_runtime_ready","","1","11","session_create","59244","unavailable","unavailable","unavailable"
"yune","track-b-product","jyut6ping3_mobile","startup_warm_shared_assets_runtime_ready","","1","12","schema_config_load","1350","unavailable","unavailable","unavailable"
"yune","track-b-product","jyut6ping3_mobile","startup_warm_shared_assets_runtime_ready","","1","13","schema_switch_options","936","unavailable","unavailable","unavailable"
"yune","track-b-product","jyut6ping3_mobile","startup_warm_shared_assets_runtime_ready","","1","14","processor_install","3927","unavailable","unavailable","unavailable"
"yune","track-b-product","jyut6ping3_mobile","startup_warm_shared_assets_runtime_ready","","1","15","schema_config_load","296","unavailable","unavailable","unavailable"
"yune","track-b-product","jyut6ping3_mobile","startup_warm_shared_assets_runtime_ready","","1","16","translator_install","1090","unavailable","unavailable","unavailable"
"yune","track-b-product","jyut6ping3_mobile","startup_warm_shared_assets_runtime_ready","","1","17","schema_config_load","316","unavailable","unavailable","unavailable"
"yune","track-b-product","jyut6ping3_mobile","startup_warm_shared_assets_runtime_ready","","1","18","filter_install","66432","unavailable","unavailable","unavailable"
"yune","track-b-product","jyut6ping3_mobile","startup_warm_shared_assets_runtime_ready","","1","19","userdb_open_or_sync","35","unavailable","unavailable","unavailable"
"yune","track-b-product","jyut6ping3_mobile","startup_warm_shared_assets_runtime_ready","","1","20","schema_select","115640","unavailable","unavailable","unavailable"
"yune","track-b-product","jyut6ping3_mobile","startup_warm_shared_assets_runtime_ready","","1","21","session_destroy","38082","unavailable","unavailable","unavailable"
"yune","track-b-product","jyut6ping3_mobile","startup_warm_shared_assets_runtime_ready","","1","22","runtime_finalize","0","unavailable","unavailable","unavailable"
"yune","track-b-product","jyut6ping3_mobile","startup_warm_shared_assets_runtime_ready","","2","0","runtime_setup","23","unavailable","unavailable","unavailable"
"yune","track-b-product","jyut6ping3_mobile","startup_warm_shared_assets_runtime_ready","","2","1","runtime_setup","7","unavailable","unavailable","unavailable"
"yune","track-b-product","jyut6ping3_mobile","startup_warm_shared_assets_runtime_ready","","2","2","runtime_initialize","7","unavailable","unavailable","unavailable"
"yune","track-b-product","jyut6ping3_mobile","startup_warm_shared_assets_runtime_ready","","2","3","schema_config_load","815","unavailable","unavailable","unavailable"
"yune","track-b-product","jyut6ping3_mobile","startup_warm_shared_assets_runtime_ready","","2","4","schema_switch_options","635","unavailable","unavailable","unavailable"
"yune","track-b-product","jyut6ping3_mobile","startup_warm_shared_assets_runtime_ready","","2","5","processor_install","3811","unavailable","unavailable","unavailable"
"yune","track-b-product","jyut6ping3_mobile","startup_warm_shared_assets_runtime_ready","","2","6","schema_config_load","311","unavailable","unavailable","unavailable"
"yune","track-b-product","jyut6ping3_mobile","startup_warm_shared_assets_runtime_ready","","2","7","translator_install","764","unavailable","unavailable","unavailable"
"yune","track-b-product","jyut6ping3_mobile","startup_warm_shared_assets_runtime_ready","","2","8","schema_config_load","313","unavailable","unavailable","unavailable"
"yune","track-b-product","jyut6ping3_mobile","startup_warm_shared_assets_runtime_ready","","2","9","filter_install","52611","unavailable","unavailable","unavailable"
"yune","track-b-product","jyut6ping3_mobile","startup_warm_shared_assets_runtime_ready","","2","10","userdb_open_or_sync","38","unavailable","unavailable","unavailable"
"yune","track-b-product","jyut6ping3_mobile","startup_warm_shared_assets_runtime_ready","","2","11","session_create","59798","unavailable","unavailable","unavailable"
"yune","track-b-product","jyut6ping3_mobile","startup_warm_shared_assets_runtime_ready","","2","12","schema_config_load","1302","unavailable","unavailable","unavailable"
"yune","track-b-product","jyut6ping3_mobile","startup_warm_shared_assets_runtime_ready","","2","13","schema_switch_options","743","unavailable","unavailable","unavailable"
"yune","track-b-product","jyut6ping3_mobile","startup_warm_shared_assets_runtime_ready","","2","14","processor_install","3936","unavailable","unavailable","unavailable"
"yune","track-b-product","jyut6ping3_mobile","startup_warm_shared_assets_runtime_ready","","2","15","schema_config_load","312","unavailable","unavailable","unavailable"
"yune","track-b-product","jyut6ping3_mobile","startup_warm_shared_assets_runtime_ready","","2","16","translator_install","1084","unavailable","unavailable","unavailable"
"yune","track-b-product","jyut6ping3_mobile","startup_warm_shared_assets_runtime_ready","","2","17","schema_config_load","323","unavailable","unavailable","unavailable"
"yune","track-b-product","jyut6ping3_mobile","startup_warm_shared_assets_runtime_ready","","2","18","filter_install","56029","unavailable","unavailable","unavailable"
"yune","track-b-product","jyut6ping3_mobile","startup_warm_shared_assets_runtime_ready","","2","19","userdb_open_or_sync","35","unavailable","unavailable","unavailable"
"yune","track-b-product","jyut6ping3_mobile","startup_warm_shared_assets_runtime_ready","","2","20","schema_select","93368","unavailable","unavailable","unavailable"
"yune","track-b-product","jyut6ping3_mobile","startup_warm_shared_assets_runtime_ready","","2","21","session_destroy","29233","unavailable","unavailable","unavailable"
"yune","track-b-product","jyut6ping3_mobile","startup_warm_shared_assets_runtime_ready","","2","22","runtime_finalize","0","unavailable","unavailable","unavailable"
"yune","track-b-product","jyut6ping3_mobile","startup_warm_shared_assets_runtime_ready","","3","0","runtime_setup","45","unavailable","unavailable","unavailable"
"yune","track-b-product","jyut6ping3_mobile","startup_warm_shared_assets_runtime_ready","","3","1","runtime_setup","8","unavailable","unavailable","unavailable"
"yune","track-b-product","jyut6ping3_mobile","startup_warm_shared_assets_runtime_ready","","3","2","runtime_initialize","8","unavailable","unavailable","unavailable"
"yune","track-b-product","jyut6ping3_mobile","startup_warm_shared_assets_runtime_ready","","3","3","schema_config_load","874","unavailable","unavailable","unavailable"
"yune","track-b-product","jyut6ping3_mobile","startup_warm_shared_assets_runtime_ready","","3","4","schema_switch_options","640","unavailable","unavailable","unavailable"
"yune","track-b-product","jyut6ping3_mobile","startup_warm_shared_assets_runtime_ready","","3","5","processor_install","3841","unavailable","unavailable","unavailable"
"yune","track-b-product","jyut6ping3_mobile","startup_warm_shared_assets_runtime_ready","","3","6","schema_config_load","310","unavailable","unavailable","unavailable"
"yune","track-b-product","jyut6ping3_mobile","startup_warm_shared_assets_runtime_ready","","3","7","translator_install","768","unavailable","unavailable","unavailable"
"yune","track-b-product","jyut6ping3_mobile","startup_warm_shared_assets_runtime_ready","","3","8","schema_config_load","318","unavailable","unavailable","unavailable"
"yune","track-b-product","jyut6ping3_mobile","startup_warm_shared_assets_runtime_ready","","3","9","filter_install","52773","unavailable","unavailable","unavailable"
"yune","track-b-product","jyut6ping3_mobile","startup_warm_shared_assets_runtime_ready","","3","10","userdb_open_or_sync","29","unavailable","unavailable","unavailable"
"yune","track-b-product","jyut6ping3_mobile","startup_warm_shared_assets_runtime_ready","","3","11","session_create","60039","unavailable","unavailable","unavailable"
"yune","track-b-product","jyut6ping3_mobile","startup_warm_shared_assets_runtime_ready","","3","12","schema_config_load","1304","unavailable","unavailable","unavailable"
"yune","track-b-product","jyut6ping3_mobile","startup_warm_shared_assets_runtime_ready","","3","13","schema_switch_options","752","unavailable","unavailable","unavailable"
"yune","track-b-product","jyut6ping3_mobile","startup_warm_shared_assets_runtime_ready","","3","14","processor_install","3930","unavailable","unavailable","unavailable"
"yune","track-b-product","jyut6ping3_mobile","startup_warm_shared_assets_runtime_ready","","3","15","schema_config_load","310","unavailable","unavailable","unavailable"
"yune","track-b-product","jyut6ping3_mobile","startup_warm_shared_assets_runtime_ready","","3","16","translator_install","1069","unavailable","unavailable","unavailable"
"yune","track-b-product","jyut6ping3_mobile","startup_warm_shared_assets_runtime_ready","","3","17","schema_config_load","323","unavailable","unavailable","unavailable"
"yune","track-b-product","jyut6ping3_mobile","startup_warm_shared_assets_runtime_ready","","3","18","filter_install","52539","unavailable","unavailable","unavailable"
"yune","track-b-product","jyut6ping3_mobile","startup_warm_shared_assets_runtime_ready","","3","19","userdb_open_or_sync","26","unavailable","unavailable","unavailable"
"yune","track-b-product","jyut6ping3_mobile","startup_warm_shared_assets_runtime_ready","","3","20","schema_select","86130","unavailable","unavailable","unavailable"
"yune","track-b-product","jyut6ping3_mobile","startup_warm_shared_assets_runtime_ready","","3","21","session_destroy","24326","unavailable","unavailable","unavailable"
"yune","track-b-product","jyut6ping3_mobile","startup_warm_shared_assets_runtime_ready","","3","22","runtime_finalize","0","unavailable","unavailable","unavailable"
"yune","track-b-product","jyut6ping3_mobile","startup_warm_shared_assets_runtime_ready","","4","0","runtime_setup","22","unavailable","unavailable","unavailable"
"yune","track-b-product","jyut6ping3_mobile","startup_warm_shared_assets_runtime_ready","","4","1","runtime_setup","7","unavailable","unavailable","unavailable"
"yune","track-b-product","jyut6ping3_mobile","startup_warm_shared_assets_runtime_ready","","4","2","runtime_initialize","7","unavailable","unavailable","unavailable"
"yune","track-b-product","jyut6ping3_mobile","startup_warm_shared_assets_runtime_ready","","4","3","schema_config_load","820","unavailable","unavailable","unavailable"
"yune","track-b-product","jyut6ping3_mobile","startup_warm_shared_assets_runtime_ready","","4","4","schema_switch_options","634","unavailable","unavailable","unavailable"
"yune","track-b-product","jyut6ping3_mobile","startup_warm_shared_assets_runtime_ready","","4","5","processor_install","3780","unavailable","unavailable","unavailable"
"yune","track-b-product","jyut6ping3_mobile","startup_warm_shared_assets_runtime_ready","","4","6","schema_config_load","301","unavailable","unavailable","unavailable"
"yune","track-b-product","jyut6ping3_mobile","startup_warm_shared_assets_runtime_ready","","4","7","translator_install","755","unavailable","unavailable","unavailable"
"yune","track-b-product","jyut6ping3_mobile","startup_warm_shared_assets_runtime_ready","","4","8","schema_config_load","320","unavailable","unavailable","unavailable"
"yune","track-b-product","jyut6ping3_mobile","startup_warm_shared_assets_runtime_ready","","4","9","filter_install","51132","unavailable","unavailable","unavailable"
"yune","track-b-product","jyut6ping3_mobile","startup_warm_shared_assets_runtime_ready","","4","10","userdb_open_or_sync","27","unavailable","unavailable","unavailable"
"yune","track-b-product","jyut6ping3_mobile","startup_warm_shared_assets_runtime_ready","","4","11","session_create","58223","unavailable","unavailable","unavailable"
"yune","track-b-product","jyut6ping3_mobile","startup_warm_shared_assets_runtime_ready","","4","12","schema_config_load","1263","unavailable","unavailable","unavailable"
"yune","track-b-product","jyut6ping3_mobile","startup_warm_shared_assets_runtime_ready","","4","13","schema_switch_options","721","unavailable","unavailable","unavailable"
"yune","track-b-product","jyut6ping3_mobile","startup_warm_shared_assets_runtime_ready","","4","14","processor_install","3903","unavailable","unavailable","unavailable"
"yune","track-b-product","jyut6ping3_mobile","startup_warm_shared_assets_runtime_ready","","4","15","schema_config_load","314","unavailable","unavailable","unavailable"
"yune","track-b-product","jyut6ping3_mobile","startup_warm_shared_assets_runtime_ready","","4","16","translator_install","1067","unavailable","unavailable","unavailable"
"yune","track-b-product","jyut6ping3_mobile","startup_warm_shared_assets_runtime_ready","","4","17","schema_config_load","324","unavailable","unavailable","unavailable"
"yune","track-b-product","jyut6ping3_mobile","startup_warm_shared_assets_runtime_ready","","4","18","filter_install","57217","unavailable","unavailable","unavailable"
"yune","track-b-product","jyut6ping3_mobile","startup_warm_shared_assets_runtime_ready","","4","19","userdb_open_or_sync","38","unavailable","unavailable","unavailable"
"yune","track-b-product","jyut6ping3_mobile","startup_warm_shared_assets_runtime_ready","","4","20","schema_select","87846","unavailable","unavailable","unavailable"
"yune","track-b-product","jyut6ping3_mobile","startup_warm_shared_assets_runtime_ready","","4","21","session_destroy","33528","unavailable","unavailable","unavailable"
"yune","track-b-product","jyut6ping3_mobile","startup_warm_shared_assets_runtime_ready","","4","22","runtime_finalize","0","unavailable","unavailable","unavailable"
"yune","track-b-product","jyut6ping3_mobile","session_create_select_destroy","","0","0","schema_config_load","813","unavailable","unavailable","unavailable"
"yune","track-b-product","jyut6ping3_mobile","session_create_select_destroy","","0","1","schema_switch_options","630","unavailable","unavailable","unavailable"
"yune","track-b-product","jyut6ping3_mobile","session_create_select_destroy","","0","2","processor_install","3774","unavailable","unavailable","unavailable"
"yune","track-b-product","jyut6ping3_mobile","session_create_select_destroy","","0","3","schema_config_load","302","unavailable","unavailable","unavailable"
"yune","track-b-product","jyut6ping3_mobile","session_create_select_destroy","","0","4","translator_install","750","unavailable","unavailable","unavailable"
"yune","track-b-product","jyut6ping3_mobile","session_create_select_destroy","","0","5","schema_config_load","312","unavailable","unavailable","unavailable"
"yune","track-b-product","jyut6ping3_mobile","session_create_select_destroy","","0","6","filter_install","56572","unavailable","unavailable","unavailable"
"yune","track-b-product","jyut6ping3_mobile","session_create_select_destroy","","0","7","userdb_open_or_sync","38","unavailable","unavailable","unavailable"
"yune","track-b-product","jyut6ping3_mobile","session_create_select_destroy","","0","8","session_create","63693","unavailable","unavailable","unavailable"
"yune","track-b-product","jyut6ping3_mobile","session_create_select_destroy","","0","9","schema_config_load","1296","unavailable","unavailable","unavailable"
"yune","track-b-product","jyut6ping3_mobile","session_create_select_destroy","","0","10","schema_switch_options","720","unavailable","unavailable","unavailable"
"yune","track-b-product","jyut6ping3_mobile","session_create_select_destroy","","0","11","processor_install","3935","unavailable","unavailable","unavailable"
"yune","track-b-product","jyut6ping3_mobile","session_create_select_destroy","","0","12","schema_config_load","313","unavailable","unavailable","unavailable"
"yune","track-b-product","jyut6ping3_mobile","session_create_select_destroy","","0","13","translator_install","1059","unavailable","unavailable","unavailable"
"yune","track-b-product","jyut6ping3_mobile","session_create_select_destroy","","0","14","schema_config_load","320","unavailable","unavailable","unavailable"
"yune","track-b-product","jyut6ping3_mobile","session_create_select_destroy","","0","15","filter_install","54119","unavailable","unavailable","unavailable"
"yune","track-b-product","jyut6ping3_mobile","session_create_select_destroy","","0","16","userdb_open_or_sync","30","unavailable","unavailable","unavailable"
"yune","track-b-product","jyut6ping3_mobile","session_create_select_destroy","","0","17","schema_select","89308","unavailable","unavailable","unavailable"
"yune","track-b-product","jyut6ping3_mobile","session_create_select_destroy","","0","18","session_destroy","28881","unavailable","unavailable","unavailable"
"yune","track-b-product","jyut6ping3_mobile","session_create_select_destroy","","1","0","schema_config_load","825","unavailable","unavailable","unavailable"
"yune","track-b-product","jyut6ping3_mobile","session_create_select_destroy","","1","1","schema_switch_options","635","unavailable","unavailable","unavailable"
"yune","track-b-product","jyut6ping3_mobile","session_create_select_destroy","","1","2","processor_install","3842","unavailable","unavailable","unavailable"
"yune","track-b-product","jyut6ping3_mobile","session_create_select_destroy","","1","3","schema_config_load","305","unavailable","unavailable","unavailable"
"yune","track-b-product","jyut6ping3_mobile","session_create_select_destroy","","1","4","translator_install","749","unavailable","unavailable","unavailable"
"yune","track-b-product","jyut6ping3_mobile","session_create_select_destroy","","1","5","schema_config_load","318","unavailable","unavailable","unavailable"
"yune","track-b-product","jyut6ping3_mobile","session_create_select_destroy","","1","6","filter_install","55926","unavailable","unavailable","unavailable"
"yune","track-b-product","jyut6ping3_mobile","session_create_select_destroy","","1","7","userdb_open_or_sync","28","unavailable","unavailable","unavailable"
"yune","track-b-product","jyut6ping3_mobile","session_create_select_destroy","","1","8","session_create","63127","unavailable","unavailable","unavailable"
"yune","track-b-product","jyut6ping3_mobile","session_create_select_destroy","","1","9","schema_config_load","1274","unavailable","unavailable","unavailable"
"yune","track-b-product","jyut6ping3_mobile","session_create_select_destroy","","1","10","schema_switch_options","877","unavailable","unavailable","unavailable"
"yune","track-b-product","jyut6ping3_mobile","session_create_select_destroy","","1","11","processor_install","3990","unavailable","unavailable","unavailable"
"yune","track-b-product","jyut6ping3_mobile","session_create_select_destroy","","1","12","schema_config_load","305","unavailable","unavailable","unavailable"
"yune","track-b-product","jyut6ping3_mobile","session_create_select_destroy","","1","13","translator_install","1083","unavailable","unavailable","unavailable"
"yune","track-b-product","jyut6ping3_mobile","session_create_select_destroy","","1","14","schema_config_load","313","unavailable","unavailable","unavailable"
"yune","track-b-product","jyut6ping3_mobile","session_create_select_destroy","","1","15","filter_install","67334","unavailable","unavailable","unavailable"
"yune","track-b-product","jyut6ping3_mobile","session_create_select_destroy","","1","16","userdb_open_or_sync","30","unavailable","unavailable","unavailable"
"yune","track-b-product","jyut6ping3_mobile","session_create_select_destroy","","1","17","schema_select","114158","unavailable","unavailable","unavailable"
"yune","track-b-product","jyut6ping3_mobile","session_create_select_destroy","","1","18","session_destroy","35504","unavailable","unavailable","unavailable"
"yune","track-b-product","jyut6ping3_mobile","session_create_select_destroy","","2","0","schema_config_load","816","unavailable","unavailable","unavailable"
"yune","track-b-product","jyut6ping3_mobile","session_create_select_destroy","","2","1","schema_switch_options","644","unavailable","unavailable","unavailable"
"yune","track-b-product","jyut6ping3_mobile","session_create_select_destroy","","2","2","processor_install","3815","unavailable","unavailable","unavailable"
"yune","track-b-product","jyut6ping3_mobile","session_create_select_destroy","","2","3","schema_config_load","302","unavailable","unavailable","unavailable"
"yune","track-b-product","jyut6ping3_mobile","session_create_select_destroy","","2","4","translator_install","769","unavailable","unavailable","unavailable"
"yune","track-b-product","jyut6ping3_mobile","session_create_select_destroy","","2","5","schema_config_load","310","unavailable","unavailable","unavailable"
"yune","track-b-product","jyut6ping3_mobile","session_create_select_destroy","","2","6","filter_install","53120","unavailable","unavailable","unavailable"
"yune","track-b-product","jyut6ping3_mobile","session_create_select_destroy","","2","7","userdb_open_or_sync","32","unavailable","unavailable","unavailable"
"yune","track-b-product","jyut6ping3_mobile","session_create_select_destroy","","2","8","session_create","60304","unavailable","unavailable","unavailable"
"yune","track-b-product","jyut6ping3_mobile","session_create_select_destroy","","2","9","schema_config_load","1247","unavailable","unavailable","unavailable"
"yune","track-b-product","jyut6ping3_mobile","session_create_select_destroy","","2","10","schema_switch_options","726","unavailable","unavailable","unavailable"
"yune","track-b-product","jyut6ping3_mobile","session_create_select_destroy","","2","11","processor_install","3897","unavailable","unavailable","unavailable"
"yune","track-b-product","jyut6ping3_mobile","session_create_select_destroy","","2","12","schema_config_load","311","unavailable","unavailable","unavailable"
"yune","track-b-product","jyut6ping3_mobile","session_create_select_destroy","","2","13","translator_install","1067","unavailable","unavailable","unavailable"
"yune","track-b-product","jyut6ping3_mobile","session_create_select_destroy","","2","14","schema_config_load","318","unavailable","unavailable","unavailable"
"yune","track-b-product","jyut6ping3_mobile","session_create_select_destroy","","2","15","filter_install","53092","unavailable","unavailable","unavailable"
"yune","track-b-product","jyut6ping3_mobile","session_create_select_destroy","","2","16","userdb_open_or_sync","39","unavailable","unavailable","unavailable"
"yune","track-b-product","jyut6ping3_mobile","session_create_select_destroy","","2","17","schema_select","86559","unavailable","unavailable","unavailable"
"yune","track-b-product","jyut6ping3_mobile","session_create_select_destroy","","2","18","session_destroy","29399","unavailable","unavailable","unavailable"
"yune","track-b-product","jyut6ping3_mobile","session_create_select_destroy","","3","0","schema_config_load","857","unavailable","unavailable","unavailable"
"yune","track-b-product","jyut6ping3_mobile","session_create_select_destroy","","3","1","schema_switch_options","649","unavailable","unavailable","unavailable"
"yune","track-b-product","jyut6ping3_mobile","session_create_select_destroy","","3","2","processor_install","3805","unavailable","unavailable","unavailable"
"yune","track-b-product","jyut6ping3_mobile","session_create_select_destroy","","3","3","schema_config_load","303","unavailable","unavailable","unavailable"
"yune","track-b-product","jyut6ping3_mobile","session_create_select_destroy","","3","4","translator_install","795","unavailable","unavailable","unavailable"
"yune","track-b-product","jyut6ping3_mobile","session_create_select_destroy","","3","5","schema_config_load","318","unavailable","unavailable","unavailable"
"yune","track-b-product","jyut6ping3_mobile","session_create_select_destroy","","3","6","filter_install","52138","unavailable","unavailable","unavailable"
"yune","track-b-product","jyut6ping3_mobile","session_create_select_destroy","","3","7","userdb_open_or_sync","26","unavailable","unavailable","unavailable"
"yune","track-b-product","jyut6ping3_mobile","session_create_select_destroy","","3","8","session_create","59407","unavailable","unavailable","unavailable"
"yune","track-b-product","jyut6ping3_mobile","session_create_select_destroy","","3","9","schema_config_load","1257","unavailable","unavailable","unavailable"
"yune","track-b-product","jyut6ping3_mobile","session_create_select_destroy","","3","10","schema_switch_options","717","unavailable","unavailable","unavailable"
"yune","track-b-product","jyut6ping3_mobile","session_create_select_destroy","","3","11","processor_install","3900","unavailable","unavailable","unavailable"
"yune","track-b-product","jyut6ping3_mobile","session_create_select_destroy","","3","12","schema_config_load","310","unavailable","unavailable","unavailable"
"yune","track-b-product","jyut6ping3_mobile","session_create_select_destroy","","3","13","translator_install","1091","unavailable","unavailable","unavailable"
"yune","track-b-product","jyut6ping3_mobile","session_create_select_destroy","","3","14","schema_config_load","318","unavailable","unavailable","unavailable"
"yune","track-b-product","jyut6ping3_mobile","session_create_select_destroy","","3","15","filter_install","51473","unavailable","unavailable","unavailable"
"yune","track-b-product","jyut6ping3_mobile","session_create_select_destroy","","3","16","userdb_open_or_sync","32","unavailable","unavailable","unavailable"
"yune","track-b-product","jyut6ping3_mobile","session_create_select_destroy","","3","17","schema_select","83046","unavailable","unavailable","unavailable"
"yune","track-b-product","jyut6ping3_mobile","session_create_select_destroy","","3","18","session_destroy","26129","unavailable","unavailable","unavailable"
"yune","track-b-product","jyut6ping3_mobile","session_create_select_destroy","","4","0","schema_config_load","812","unavailable","unavailable","unavailable"
"yune","track-b-product","jyut6ping3_mobile","session_create_select_destroy","","4","1","schema_switch_options","636","unavailable","unavailable","unavailable"
"yune","track-b-product","jyut6ping3_mobile","session_create_select_destroy","","4","2","processor_install","3798","unavailable","unavailable","unavailable"
"yune","track-b-product","jyut6ping3_mobile","session_create_select_destroy","","4","3","schema_config_load","301","unavailable","unavailable","unavailable"
"yune","track-b-product","jyut6ping3_mobile","session_create_select_destroy","","4","4","translator_install","744","unavailable","unavailable","unavailable"
"yune","track-b-product","jyut6ping3_mobile","session_create_select_destroy","","4","5","schema_config_load","310","unavailable","unavailable","unavailable"
"yune","track-b-product","jyut6ping3_mobile","session_create_select_destroy","","4","6","filter_install","54280","unavailable","unavailable","unavailable"
"yune","track-b-product","jyut6ping3_mobile","session_create_select_destroy","","4","7","userdb_open_or_sync","30","unavailable","unavailable","unavailable"
"yune","track-b-product","jyut6ping3_mobile","session_create_select_destroy","","4","8","session_create","61409","unavailable","unavailable","unavailable"
"yune","track-b-product","jyut6ping3_mobile","session_create_select_destroy","","4","9","schema_config_load","1284","unavailable","unavailable","unavailable"
"yune","track-b-product","jyut6ping3_mobile","session_create_select_destroy","","4","10","schema_switch_options","760","unavailable","unavailable","unavailable"
"yune","track-b-product","jyut6ping3_mobile","session_create_select_destroy","","4","11","processor_install","3932","unavailable","unavailable","unavailable"
"yune","track-b-product","jyut6ping3_mobile","session_create_select_destroy","","4","12","schema_config_load","331","unavailable","unavailable","unavailable"
"yune","track-b-product","jyut6ping3_mobile","session_create_select_destroy","","4","13","translator_install","1095","unavailable","unavailable","unavailable"
"yune","track-b-product","jyut6ping3_mobile","session_create_select_destroy","","4","14","schema_config_load","323","unavailable","unavailable","unavailable"
"yune","track-b-product","jyut6ping3_mobile","session_create_select_destroy","","4","15","filter_install","55121","unavailable","unavailable","unavailable"
"yune","track-b-product","jyut6ping3_mobile","session_create_select_destroy","","4","16","userdb_open_or_sync","35","unavailable","unavailable","unavailable"
"yune","track-b-product","jyut6ping3_mobile","session_create_select_destroy","","4","17","schema_select","93519","unavailable","unavailable","unavailable"
"yune","track-b-product","jyut6ping3_mobile","session_create_select_destroy","","4","18","session_destroy","26282","unavailable","unavailable","unavailable"
"yune","track-b-product","jyut6ping3_mobile","session_create_select_destroy","","5","0","schema_config_load","821","unavailable","unavailable","unavailable"
"yune","track-b-product","jyut6ping3_mobile","session_create_select_destroy","","5","1","schema_switch_options","640","unavailable","unavailable","unavailable"
"yune","track-b-product","jyut6ping3_mobile","session_create_select_destroy","","5","2","processor_install","3900","unavailable","unavailable","unavailable"
"yune","track-b-product","jyut6ping3_mobile","session_create_select_destroy","","5","3","schema_config_load","309","unavailable","unavailable","unavailable"
"yune","track-b-product","jyut6ping3_mobile","session_create_select_destroy","","5","4","translator_install","810","unavailable","unavailable","unavailable"
"yune","track-b-product","jyut6ping3_mobile","session_create_select_destroy","","5","5","schema_config_load","325","unavailable","unavailable","unavailable"
"yune","track-b-product","jyut6ping3_mobile","session_create_select_destroy","","5","6","filter_install","53955","unavailable","unavailable","unavailable"
"yune","track-b-product","jyut6ping3_mobile","session_create_select_destroy","","5","7","userdb_open_or_sync","25","unavailable","unavailable","unavailable"
"yune","track-b-product","jyut6ping3_mobile","session_create_select_destroy","","5","8","session_create","61269","unavailable","unavailable","unavailable"
"yune","track-b-product","jyut6ping3_mobile","session_create_select_destroy","","5","9","schema_config_load","1254","unavailable","unavailable","unavailable"
"yune","track-b-product","jyut6ping3_mobile","session_create_select_destroy","","5","10","schema_switch_options","720","unavailable","unavailable","unavailable"
"yune","track-b-product","jyut6ping3_mobile","session_create_select_destroy","","5","11","processor_install","3964","unavailable","unavailable","unavailable"
"yune","track-b-product","jyut6ping3_mobile","session_create_select_destroy","","5","12","schema_config_load","322","unavailable","unavailable","unavailable"
"yune","track-b-product","jyut6ping3_mobile","session_create_select_destroy","","5","13","translator_install","1170","unavailable","unavailable","unavailable"
"yune","track-b-product","jyut6ping3_mobile","session_create_select_destroy","","5","14","schema_config_load","326","unavailable","unavailable","unavailable"
"yune","track-b-product","jyut6ping3_mobile","session_create_select_destroy","","5","15","filter_install","55519","unavailable","unavailable","unavailable"
"yune","track-b-product","jyut6ping3_mobile","session_create_select_destroy","","5","16","userdb_open_or_sync","35","unavailable","unavailable","unavailable"
"yune","track-b-product","jyut6ping3_mobile","session_create_select_destroy","","5","17","schema_select","88432","unavailable","unavailable","unavailable"
"yune","track-b-product","jyut6ping3_mobile","session_create_select_destroy","","5","18","session_destroy","30976","unavailable","unavailable","unavailable"
"yune","track-b-product","jyut6ping3_mobile","session_create_select_destroy","","6","0","schema_config_load","826","unavailable","unavailable","unavailable"
"yune","track-b-product","jyut6ping3_mobile","session_create_select_destroy","","6","1","schema_switch_options","645","unavailable","unavailable","unavailable"
"yune","track-b-product","jyut6ping3_mobile","session_create_select_destroy","","6","2","processor_install","3795","unavailable","unavailable","unavailable"
"yune","track-b-product","jyut6ping3_mobile","session_create_select_destroy","","6","3","schema_config_load","302","unavailable","unavailable","unavailable"
"yune","track-b-product","jyut6ping3_mobile","session_create_select_destroy","","6","4","translator_install","758","unavailable","unavailable","unavailable"
"yune","track-b-product","jyut6ping3_mobile","session_create_select_destroy","","6","5","schema_config_load","314","unavailable","unavailable","unavailable"
"yune","track-b-product","jyut6ping3_mobile","session_create_select_destroy","","6","6","filter_install","64320","unavailable","unavailable","unavailable"
"yune","track-b-product","jyut6ping3_mobile","session_create_select_destroy","","6","7","userdb_open_or_sync","30","unavailable","unavailable","unavailable"
"yune","track-b-product","jyut6ping3_mobile","session_create_select_destroy","","6","8","session_create","71497","unavailable","unavailable","unavailable"
"yune","track-b-product","jyut6ping3_mobile","session_create_select_destroy","","6","9","schema_config_load","1376","unavailable","unavailable","unavailable"
"yune","track-b-product","jyut6ping3_mobile","session_create_select_destroy","","6","10","schema_switch_options","718","unavailable","unavailable","unavailable"
"yune","track-b-product","jyut6ping3_mobile","session_create_select_destroy","","6","11","processor_install","3926","unavailable","unavailable","unavailable"
"yune","track-b-product","jyut6ping3_mobile","session_create_select_destroy","","6","12","schema_config_load","319","unavailable","unavailable","unavailable"
"yune","track-b-product","jyut6ping3_mobile","session_create_select_destroy","","6","13","translator_install","1077","unavailable","unavailable","unavailable"
"yune","track-b-product","jyut6ping3_mobile","session_create_select_destroy","","6","14","schema_config_load","322","unavailable","unavailable","unavailable"
"yune","track-b-product","jyut6ping3_mobile","session_create_select_destroy","","6","15","filter_install","53472","unavailable","unavailable","unavailable"
"yune","track-b-product","jyut6ping3_mobile","session_create_select_destroy","","6","16","userdb_open_or_sync","35","unavailable","unavailable","unavailable"
"yune","track-b-product","jyut6ping3_mobile","session_create_select_destroy","","6","17","schema_select","92304","unavailable","unavailable","unavailable"
"yune","track-b-product","jyut6ping3_mobile","session_create_select_destroy","","6","18","session_destroy","25046","unavailable","unavailable","unavailable"
"yune","track-b-product","jyut6ping3_mobile","session_create_select_destroy","","7","0","schema_config_load","817","unavailable","unavailable","unavailable"
"yune","track-b-product","jyut6ping3_mobile","session_create_select_destroy","","7","1","schema_switch_options","657","unavailable","unavailable","unavailable"
"yune","track-b-product","jyut6ping3_mobile","session_create_select_destroy","","7","2","processor_install","3848","unavailable","unavailable","unavailable"
"yune","track-b-product","jyut6ping3_mobile","session_create_select_destroy","","7","3","schema_config_load","304","unavailable","unavailable","unavailable"
"yune","track-b-product","jyut6ping3_mobile","session_create_select_destroy","","7","4","translator_install","774","unavailable","unavailable","unavailable"
"yune","track-b-product","jyut6ping3_mobile","session_create_select_destroy","","7","5","schema_config_load","313","unavailable","unavailable","unavailable"
"yune","track-b-product","jyut6ping3_mobile","session_create_select_destroy","","7","6","filter_install","57868","unavailable","unavailable","unavailable"
"yune","track-b-product","jyut6ping3_mobile","session_create_select_destroy","","7","7","userdb_open_or_sync","36","unavailable","unavailable","unavailable"
"yune","track-b-product","jyut6ping3_mobile","session_create_select_destroy","","7","8","session_create","65165","unavailable","unavailable","unavailable"
"yune","track-b-product","jyut6ping3_mobile","session_create_select_destroy","","7","9","schema_config_load","1297","unavailable","unavailable","unavailable"
"yune","track-b-product","jyut6ping3_mobile","session_create_select_destroy","","7","10","schema_switch_options","717","unavailable","unavailable","unavailable"
"yune","track-b-product","jyut6ping3_mobile","session_create_select_destroy","","7","11","processor_install","3901","unavailable","unavailable","unavailable"
"yune","track-b-product","jyut6ping3_mobile","session_create_select_destroy","","7","12","schema_config_load","308","unavailable","unavailable","unavailable"
"yune","track-b-product","jyut6ping3_mobile","session_create_select_destroy","","7","13","translator_install","1053","unavailable","unavailable","unavailable"
"yune","track-b-product","jyut6ping3_mobile","session_create_select_destroy","","7","14","schema_config_load","346","unavailable","unavailable","unavailable"
"yune","track-b-product","jyut6ping3_mobile","session_create_select_destroy","","7","15","filter_install","51766","unavailable","unavailable","unavailable"
"yune","track-b-product","jyut6ping3_mobile","session_create_select_destroy","","7","16","userdb_open_or_sync","31","unavailable","unavailable","unavailable"
"yune","track-b-product","jyut6ping3_mobile","session_create_select_destroy","","7","17","schema_select","89502","unavailable","unavailable","unavailable"
"yune","track-b-product","jyut6ping3_mobile","session_create_select_destroy","","7","18","session_destroy","23855","unavailable","unavailable","unavailable"
"yune","track-b-product","jyut6ping3_mobile","session_create_select_destroy","","8","0","schema_config_load","810","unavailable","unavailable","unavailable"
"yune","track-b-product","jyut6ping3_mobile","session_create_select_destroy","","8","1","schema_switch_options","629","unavailable","unavailable","unavailable"
"yune","track-b-product","jyut6ping3_mobile","session_create_select_destroy","","8","2","processor_install","3780","unavailable","unavailable","unavailable"
"yune","track-b-product","jyut6ping3_mobile","session_create_select_destroy","","8","3","schema_config_load","304","unavailable","unavailable","unavailable"
"yune","track-b-product","jyut6ping3_mobile","session_create_select_destroy","","8","4","translator_install","751","unavailable","unavailable","unavailable"
"yune","track-b-product","jyut6ping3_mobile","session_create_select_destroy","","8","5","schema_config_load","308","unavailable","unavailable","unavailable"
"yune","track-b-product","jyut6ping3_mobile","session_create_select_destroy","","8","6","filter_install","53973","unavailable","unavailable","unavailable"
"yune","track-b-product","jyut6ping3_mobile","session_create_select_destroy","","8","7","userdb_open_or_sync","35","unavailable","unavailable","unavailable"
"yune","track-b-product","jyut6ping3_mobile","session_create_select_destroy","","8","8","session_create","61062","unavailable","unavailable","unavailable"
"yune","track-b-product","jyut6ping3_mobile","session_create_select_destroy","","8","9","schema_config_load","1274","unavailable","unavailable","unavailable"
"yune","track-b-product","jyut6ping3_mobile","session_create_select_destroy","","8","10","schema_switch_options","733","unavailable","unavailable","unavailable"
"yune","track-b-product","jyut6ping3_mobile","session_create_select_destroy","","8","11","processor_install","3910","unavailable","unavailable","unavailable"
"yune","track-b-product","jyut6ping3_mobile","session_create_select_destroy","","8","12","schema_config_load","316","unavailable","unavailable","unavailable"
"yune","track-b-product","jyut6ping3_mobile","session_create_select_destroy","","8","13","translator_install","1074","unavailable","unavailable","unavailable"
"yune","track-b-product","jyut6ping3_mobile","session_create_select_destroy","","8","14","schema_config_load","319","unavailable","unavailable","unavailable"
"yune","track-b-product","jyut6ping3_mobile","session_create_select_destroy","","8","15","filter_install","51938","unavailable","unavailable","unavailable"
"yune","track-b-product","jyut6ping3_mobile","session_create_select_destroy","","8","16","userdb_open_or_sync","26","unavailable","unavailable","unavailable"
"yune","track-b-product","jyut6ping3_mobile","session_create_select_destroy","","8","17","schema_select","86870","unavailable","unavailable","unavailable"
"yune","track-b-product","jyut6ping3_mobile","session_create_select_destroy","","8","18","session_destroy","25264","unavailable","unavailable","unavailable"
"yune","track-b-product","jyut6ping3_mobile","session_create_select_destroy","","9","0","schema_config_load","820","unavailable","unavailable","unavailable"
"yune","track-b-product","jyut6ping3_mobile","session_create_select_destroy","","9","1","schema_switch_options","633","unavailable","unavailable","unavailable"
"yune","track-b-product","jyut6ping3_mobile","session_create_select_destroy","","9","2","processor_install","3846","unavailable","unavailable","unavailable"
"yune","track-b-product","jyut6ping3_mobile","session_create_select_destroy","","9","3","schema_config_load","303","unavailable","unavailable","unavailable"
"yune","track-b-product","jyut6ping3_mobile","session_create_select_destroy","","9","4","translator_install","777","unavailable","unavailable","unavailable"
"yune","track-b-product","jyut6ping3_mobile","session_create_select_destroy","","9","5","schema_config_load","321","unavailable","unavailable","unavailable"
"yune","track-b-product","jyut6ping3_mobile","session_create_select_destroy","","9","6","filter_install","56903","unavailable","unavailable","unavailable"
"yune","track-b-product","jyut6ping3_mobile","session_create_select_destroy","","9","7","userdb_open_or_sync","32","unavailable","unavailable","unavailable"
"yune","track-b-product","jyut6ping3_mobile","session_create_select_destroy","","9","8","session_create","64088","unavailable","unavailable","unavailable"
"yune","track-b-product","jyut6ping3_mobile","session_create_select_destroy","","9","9","schema_config_load","1325","unavailable","unavailable","unavailable"
"yune","track-b-product","jyut6ping3_mobile","session_create_select_destroy","","9","10","schema_switch_options","819","unavailable","unavailable","unavailable"
"yune","track-b-product","jyut6ping3_mobile","session_create_select_destroy","","9","11","processor_install","3950","unavailable","unavailable","unavailable"
"yune","track-b-product","jyut6ping3_mobile","session_create_select_destroy","","9","12","schema_config_load","311","unavailable","unavailable","unavailable"
"yune","track-b-product","jyut6ping3_mobile","session_create_select_destroy","","9","13","translator_install","1080","unavailable","unavailable","unavailable"
"yune","track-b-product","jyut6ping3_mobile","session_create_select_destroy","","9","14","schema_config_load","318","unavailable","unavailable","unavailable"
"yune","track-b-product","jyut6ping3_mobile","session_create_select_destroy","","9","15","filter_install","64081","unavailable","unavailable","unavailable"
"yune","track-b-product","jyut6ping3_mobile","session_create_select_destroy","","9","16","userdb_open_or_sync","57","unavailable","unavailable","unavailable"
"yune","track-b-product","jyut6ping3_mobile","session_create_select_destroy","","9","17","schema_select","103591","unavailable","unavailable","unavailable"
"yune","track-b-product","jyut6ping3_mobile","session_create_select_destroy","","9","18","session_destroy","40486","unavailable","unavailable","unavailable"
